"Package","LibPath","Version","Priority","Depends","Imports","LinkingTo","Suggests","Enhances","License","License_is_FOSS","License_restricts_use","OS_type","MD5sum","NeedsCompilation","Built"
"abind","G:/OneDrive/Documents/R/win-library/4.0","1.4-5",NA,"R (>= 1.5.0)","methods, utils",NA,NA,NA,"LGPL (>= 2)",NA,NA,NA,NA,"no","4.0.3"
"ade4","G:/OneDrive/Documents/R/win-library/4.0","1.7-16",NA,"R (>= 2.10)","graphics, grDevices, methods, stats, utils, MASS, pixmap, sp,
progress",NA,"ade4TkGUI, adegraphics, adephylo, ape, CircStats, deldir,
lattice, spdep, splancs, waveslim",NA,"GPL (>= 2)",NA,NA,NA,NA,"yes","4.0.3"
"aplpack","G:/OneDrive/Documents/R/win-library/4.0","1.3.3",NA,"R (>= 3.0.0)",NA,NA,"tkrplot, jpeg, png, splines, utils, tcltk",NA,"GPL (>= 2)",NA,NA,NA,NA,"no","4.0.3"
"arm","G:/OneDrive/Documents/R/win-library/4.0","1.11-2",NA,"R (>= 3.1.0), MASS, Matrix (>= 1.0), stats, lme4 (>= 1.0)","abind, coda, graphics, grDevices, Hmisc, methods, nlme, utils",NA,NA,NA,"GPL (> 2)",NA,NA,NA,NA,"no","4.0.5"
"askpass","G:/OneDrive/Documents/R/win-library/4.0","1.1",NA,NA,"sys (>= 2.1)",NA,"testthat",NA,"MIT + file LICENSE",NA,NA,NA,NA,"yes","4.0.3"
"assertthat","G:/OneDrive/Documents/R/win-library/4.0","0.2.1",NA,NA,"tools",NA,"testthat, covr",NA,"GPL-3",NA,NA,NA,NA,"no","4.0.3"
"backports","G:/OneDrive/Documents/R/win-library/4.0","1.2.1",NA,"R (>= 3.0.0)",NA,NA,NA,NA,"GPL-2 | GPL-3",NA,NA,NA,NA,"yes","4.0.3"
"base64enc","G:/OneDrive/Documents/R/win-library/4.0","0.1-3",NA,"R (>= 2.9.0)",NA,NA,NA,"png","GPL-2 | GPL-3",NA,NA,NA,NA,"yes","4.0.3"
"BayesFactor","G:/OneDrive/Documents/R/win-library/4.0","0.9.12-4.2",NA,"R (>= 3.2.0), coda, Matrix (>= 1.1-1)","pbapply, mvtnorm, stringr, utils, graphics, gtools,
MatrixModels, Rcpp (>= 0.11.2), methods, hypergeo","Rcpp (>= 0.11.2), RcppEigen (>= 0.3.2.2.0)","doMC, foreach, testthat, knitr, markdown, arm, lme4, xtable,
languageR",NA,"GPL-2",NA,NA,NA,NA,"yes","4.0.3"
"BH","G:/OneDrive/Documents/R/win-library/4.0","1.75.0-0",NA,NA,NA,NA,NA,NA,"BSL-1.0",NA,NA,NA,NA,"no","4.0.3"
"bit","G:/OneDrive/Documents/R/win-library/4.0","4.0.4",NA,"R (>= 2.9.2)",NA,NA,"testthat (>= 0.11.0), roxygen2, knitr, rmarkdown,
microbenchmark, bit64 (>= 4.0.0), ff (>= 4.0.0)",NA,"GPL-2 | GPL-3",NA,NA,NA,NA,"yes","4.0.3"
"bit64","G:/OneDrive/Documents/R/win-library/4.0","4.0.5",NA,"R (>= 3.0.1), bit (>= 4.0.0), utils, methods, stats",NA,NA,NA,NA,"GPL-2 | GPL-3",NA,NA,NA,NA,"yes","4.0.3"
"bitops","G:/OneDrive/Documents/R/win-library/4.0","1.0-6",NA,NA,NA,NA,NA,NA,"GPL (>= 2)",NA,NA,NA,NA,"yes","4.0.3"
"blob","G:/OneDrive/Documents/R/win-library/4.0","1.2.1",NA,NA,"methods, rlang, vctrs (>= 0.2.1)",NA,"covr, crayon, pillar (>= 1.2.1), testthat",NA,"GPL-3",NA,NA,NA,NA,"no","4.0.3"
"brew","G:/OneDrive/Documents/R/win-library/4.0","1.0-6",NA,NA,NA,NA,NA,NA,"GPL-2",NA,NA,NA,NA,NA,"4.0.3"
"brio","G:/OneDrive/Documents/R/win-library/4.0","1.1.0",NA,NA,NA,NA,"testthat (>= 2.1.0), covr",NA,"MIT + file LICENSE",NA,NA,NA,NA,"yes","4.0.3"
"broom","G:/OneDrive/Documents/R/win-library/4.0","0.7.5",NA,"R (>= 3.1)","backports, dplyr (>= 1.0.0), ellipsis, generics (>= 0.0.2),
glue, methods, purrr, rlang, stringr, tibble (>= 3.0.0), tidyr
(>= 1.0.0)",NA,"AER, akima, AUC, bbmle, betareg, biglm, binGroup, boot,
btergm, car, caret, cluster, cmprsk, coda, covr, drc, e1071,
emmeans, epiR, ergm (>= 3.10.4), fixest (>= 0.5.0), gam (>=
1.15), gamlss, gamlss.data, gamlss.dist, gee, geepack, ggplot2,
glmnet, glmnetUtils, gmm, Hmisc, irlba, joineRML, Kendall,
knitr, ks, Lahman, lavaan, leaps, lfe, lm.beta, lme4, lmodel2,
lmtest (>= 0.9.38), lsmeans, maps, maptools, margins, MASS,
Matrix, mclust, mediation, metafor, mfx, mgcv, mlogit,
modeldata, modeltests, muhaz, multcomp, network, nnet, orcutt
(>= 2.2), ordinal, plm, poLCA, psych, quantreg, Rchoice, rgeos,
rmarkdown, robust, robustbase, rsample, sandwich, sp, spdep,
spatialreg, speedglm, spelling, survey, survival, systemfit,
testthat (>= 2.1.0), tseries, vars, zoo",NA,"MIT + file LICENSE",NA,NA,NA,NA,"no","4.0.4"
"bslib","G:/OneDrive/Documents/R/win-library/4.0","0.2.4",NA,"R (>= 2.10)","grDevices, htmltools (>= 0.5.1), jsonlite, sass (>= 0.3.0),
digest (>= 0.6.25), jquerylib (>= 0.1.3), rlang, magrittr",NA,"shiny, rmarkdown, knitr, testthat, withr, rappdirs, curl",NA,"MIT + file LICENSE",NA,NA,NA,NA,"no","4.0.4"
"cachem","G:/OneDrive/Documents/R/win-library/4.0","1.0.4",NA,NA,"rlang, fastmap",NA,"testthat",NA,"MIT + file LICENSE",NA,NA,NA,NA,"yes","4.0.4"
"callr","G:/OneDrive/Documents/R/win-library/4.0","3.5.1",NA,NA,"processx (>= 3.4.4), R6, utils",NA,"cli, covr, crayon, fansi, pingr, ps, rprojroot, spelling,
testthat, tibble, withr (>= 2.3.0)",NA,"MIT + file LICENSE",NA,NA,NA,NA,"no","4.0.3"
"car","G:/OneDrive/Documents/R/win-library/4.0","3.0-10",NA,"R (>= 3.5.0), carData (>= 3.0-0)","abind, MASS, mgcv, nnet, pbkrtest (>= 0.4-4), quantreg,
grDevices, utils, stats, graphics, maptools, rio, lme4, nlme",NA,"alr4, boot, coxme, knitr, leaps, lmtest, Matrix,
MatrixModels, rgl (>= 0.93.960), sandwich, SparseM, survival,
survey",NA,"GPL (>= 2)",NA,NA,NA,NA,"no","4.0.5"
"carData","G:/OneDrive/Documents/R/win-library/4.0","3.0-4",NA,"R (>= 3.5.0)",NA,NA,NA,NA,"GPL (>= 2)",NA,NA,NA,NA,"no","4.0.3"
"caTools","G:/OneDrive/Documents/R/win-library/4.0","1.18.0",NA,"R (>= 3.6.0)","bitops",NA,"MASS, rpart",NA,"GPL-3",NA,NA,NA,NA,"yes","4.0.3"
"cellranger","G:/OneDrive/Documents/R/win-library/4.0","1.1.0",NA,"R (>= 3.0.0)","rematch, tibble",NA,"covr, testthat (>= 1.0.0), knitr, rmarkdown",NA,"MIT + file LICENSE",NA,NA,NA,NA,"no","4.0.3"
"checkmate","G:/OneDrive/Documents/R/win-library/4.0","2.0.0",NA,"R (>= 3.0.0)","backports (>= 1.1.0), utils",NA,"R6, fastmatch, data.table (>= 1.9.8), devtools, ggplot2,
knitr, magrittr, microbenchmark, rmarkdown, testthat (>=
0.11.0), tinytest (>= 1.1.0), tibble",NA,"BSD_3_clause + file LICENSE",NA,NA,NA,NA,"yes","4.0.3"
"circlize","G:/OneDrive/Documents/R/win-library/4.0","0.4.11",NA,"R (>= 3.0.0), graphics","GlobalOptions (>= 0.1.2), shape, grDevices, utils, stats,
colorspace, methods, grid",NA,"knitr, dendextend (>= 1.0.1), ComplexHeatmap (>= 2.0.0),
gridBase, png, markdown",NA,"MIT + file LICENSE",NA,NA,NA,NA,"no","4.0.3"
"cli","G:/OneDrive/Documents/R/win-library/4.0","3.2.0",NA,"R (>= 2.10)","glue (>= 1.6.0), utils",NA,"asciicast, callr, covr, digest, grDevices, htmltools,
htmlwidgets, knitr, methods, mockery, processx, ps (>=
1.3.4.9000), rlang, rmarkdown, rstudioapi, shiny, testthat,
tibble, whoami, withr",NA,"MIT + file LICENSE",NA,NA,NA,NA,"yes","4.0.5"
"clipr","G:/OneDrive/Documents/R/win-library/4.0","0.7.1",NA,NA,"utils",NA,"covr, knitr, rmarkdown, rstudioapi (>= 0.5), testthat (>=
2.0.0)",NA,"GPL-3",NA,NA,NA,NA,"no","4.0.3"
"coda","G:/OneDrive/Documents/R/win-library/4.0","0.19-4",NA,"R (>= 2.14.0)","lattice",NA,NA,NA,"GPL (>= 2)",NA,NA,NA,NA,"no","4.0.3"
"colorspace","G:/OneDrive/Documents/R/win-library/4.0","2.0-0",NA,"R (>= 3.0.0), methods","graphics, grDevices, stats",NA,"datasets, utils, KernSmooth, MASS, kernlab, mvtnorm, vcd,
tcltk, shiny, shinyjs, ggplot2, dplyr, scales, grid, png, jpeg,
knitr, rmarkdown, RColorBrewer, rcartocolor, scico, viridis,
wesanderson",NA,"BSD_3_clause + file LICENSE",NA,NA,NA,NA,"yes","4.0.4"
"commonmark","G:/OneDrive/Documents/R/win-library/4.0","1.7",NA,NA,NA,NA,"curl, testthat, xml2",NA,"BSD_2_clause + file LICENSE",NA,NA,NA,NA,"yes","4.0.3"
"compare","G:/OneDrive/Documents/R/win-library/4.0","0.2-6",NA,NA,NA,NA,NA,NA,"GPL (>= 2)",NA,NA,NA,NA,"no","4.0.3"
"compute.es","G:/OneDrive/Documents/R/win-library/4.0","0.2-5",NA,"R (>= 2.10.1)",NA,NA,NA,NA,"GPL-2",NA,NA,NA,NA,"no","4.0.3"
"conquer","G:/OneDrive/Documents/R/win-library/4.0","1.0.2",NA,"R (>= 3.5.0)","Rcpp (>= 1.0.3), Matrix, matrixStats, stats","Rcpp, RcppArmadillo (>= 0.9.850.1.0)",NA,NA,"GPL-3",NA,NA,NA,NA,"yes","4.0.3"
"contfrac","G:/OneDrive/Documents/R/win-library/4.0","1.1-12",NA,NA,NA,NA,NA,NA,"GPL-2",NA,NA,NA,NA,"yes","4.0.3"
"corrplot","G:/OneDrive/Documents/R/win-library/4.0","0.84",NA,NA,NA,NA,"knitr, RColorBrewer, testthat",NA,"GPL",NA,NA,NA,NA,"no","4.0.3"
"corrr","G:/OneDrive/Documents/R/win-library/4.0","0.4.3",NA,"R (>= 3.3.0)","dplyr (>= 1.0.0), ggplot2 (>= 2.2.0), seriation (>= 1.2-0),
purrr (>= 0.2.2), tibble (>= 2.0), ggrepel (>= 0.6.5), rlang
(>= 0.4.0)",NA,"testthat (>= 2.1.0), knitr (>= 1.13), rmarkdown (>= 0.9.6),
dbplyr (>= 1.2.1), DBI, RSQLite, sparklyr (>= 0.9), covr",NA,"MIT + file LICENSE",NA,NA,NA,NA,"no","4.0.3"
"covr","G:/OneDrive/Documents/R/win-library/4.0","3.5.1",NA,"R (>= 3.1.0), methods","digest, stats, utils, jsonlite, rex, httr, crayon, withr (>=
1.0.2), yaml",NA,"R6, curl, knitr, rmarkdown, htmltools, DT (>= 0.2), testthat,
rlang, rstudioapi (>= 0.2), xml2 (>= 1.0.0), parallel, memoise,
mockery",NA,"GPL-3",NA,NA,NA,NA,"yes","4.0.3"
"cowplot","G:/OneDrive/Documents/R/win-library/4.0","1.1.1",NA,"R (>= 3.5.0)","ggplot2 (> 2.2.1), grid, gtable, grDevices, methods, rlang,
scales",NA,"Cairo, covr, dplyr, forcats, gridGraphics (>= 0.4-0), knitr,
lattice, magick, maps, PASWR, patchwork, rmarkdown, ragg,
testthat (>= 1.0.0), tidyr, vdiffr (>= 0.3.0), VennDiagram",NA,"GPL-2",NA,NA,NA,NA,"no","4.0.4"
"cpp11","G:/OneDrive/Documents/R/win-library/4.0","0.2.6",NA,NA,NA,NA,"bench, brio, callr, cli, covr, decor, desc, ggplot2, glue,
knitr, lobstr, mockery, progress, rmarkdown, scales, testthat,
tibble, utils, vctrs, withr",NA,"MIT + file LICENSE",NA,NA,NA,NA,"no","4.0.4"
"crayon","G:/OneDrive/Documents/R/win-library/4.0","1.4.1",NA,NA,"grDevices, methods, utils",NA,"mockery, rstudioapi, testthat, withr",NA,"MIT + file LICENSE",NA,NA,NA,NA,"no","4.0.4"
"crosstalk","G:/OneDrive/Documents/R/win-library/4.0","1.1.0.1",NA,NA,"htmltools (>= 0.3.6), jsonlite, lazyeval, R6",NA,"shiny, ggplot2, testthat (>= 2.1.0)",NA,"MIT + file LICENSE",NA,NA,NA,NA,"no","4.0.3"
"curl","G:/OneDrive/Documents/R/win-library/4.0","4.3",NA,"R (>= 3.0.0)",NA,NA,"spelling, testthat (>= 1.0.0), knitr, jsonlite, rmarkdown,
magrittr, httpuv (>= 1.4.4), webutils",NA,"MIT + file LICENSE",NA,NA,NA,NA,"yes","4.0.3"
"data.table","G:/OneDrive/Documents/R/win-library/4.0","1.13.2",NA,"R (>= 3.1.0)","methods",NA,"bit64, curl, R.utils, xts, nanotime, zoo, yaml, knitr,
rmarkdown",NA,"MPL-2.0 | file LICENSE",NA,NA,NA,NA,"yes","4.0.3"
"DBI","G:/OneDrive/Documents/R/win-library/4.0","1.1.0",NA,"methods, R (>= 3.0.0)",NA,NA,"blob, covr, hms, knitr, magrittr, rmarkdown, rprojroot,
RSQLite (>= 1.1-2), testthat, xml2",NA,"LGPL (>= 2.1)",NA,NA,NA,NA,"no","4.0.3"
"dbplyr","G:/OneDrive/Documents/R/win-library/4.0","1.4.4",NA,"R (>= 3.1)","assertthat (>= 0.2.0), DBI (>= 1.0.0), dplyr (>= 0.8.0), glue
(>= 1.2.0), lifecycle, magrittr, methods, purrr (>= 0.2.5), R6
(>= 2.2.2), rlang (>= 0.2.0), tibble (>= 1.4.2), tidyselect (>=
0.2.4), blob (>= 1.2.0), utils",NA,"bit64, covr, knitr, Lahman, nycflights13, odbc, RMariaDB (>=
1.0.2), rmarkdown, RPostgres (>= 1.1.3), RSQLite (>= 2.1.0),
testthat (>= 2.0.0)",NA,"MIT + file LICENSE",NA,NA,NA,NA,"no","4.0.3"
"debugme","G:/OneDrive/Documents/R/win-library/4.0","1.1.0",NA,NA,"crayon, grDevices",NA,"covr, mockery, R6, testthat, withr",NA,"MIT + file LICENSE",NA,NA,NA,NA,"no","4.0.3"
"dendextend","G:/OneDrive/Documents/R/win-library/4.0","1.14.0",NA,"R (>= 3.0.0)","utils, stats, datasets, magrittr (>= 1.0.1), ggplot2, viridis",NA,"knitr, rmarkdown, testthat, seriation, colorspace, ape,
microbenchmark, gplots, heatmaply, dynamicTreeCut, pvclust,
corrplot, DendSer, MASS, cluster, fpc, circlize (>= 0.2.5),
covr","ggdendro, dendroextras, Hmisc, data.table, rpart","GPL-2 | GPL-3",NA,NA,NA,NA,"no","4.0.3"
"DEoptimR","G:/OneDrive/Documents/R/win-library/4.0","1.0-8",NA,NA,"stats",NA,NA,"robustbase","GPL (>= 2)",NA,NA,NA,NA,"no","4.0.3"
"desc","G:/OneDrive/Documents/R/win-library/4.0","1.2.0",NA,"R (>= 3.1.0)","assertthat, utils, R6, crayon, rprojroot",NA,"covr, testthat, whoami, withr",NA,"MIT + file LICENSE",NA,NA,NA,NA,"no","4.0.3"
"deSolve","G:/OneDrive/Documents/R/win-library/4.0","1.28",NA,"R (>= 3.3.0)","methods, graphics, grDevices, stats",NA,"scatterplot3d, FME",NA,"GPL (>= 2)",NA,NA,NA,NA,"yes","4.0.3"
"devtools","G:/OneDrive/Documents/R/win-library/4.0","2.3.2",NA,"R (>= 3.0.2), usethis (>= 1.6.3)","callr (>= 3.4.4), cli (>= 2.0.2), covr (>= 3.5.1), desc (>=
1.2.0), DT (>= 0.15), ellipsis (>= 0.3.1), httr (>= 1.4.2),
jsonlite (>= 1.7.1), memoise (>= 1.1.0), pkgbuild (>= 1.1.0),
pkgload (>= 1.1.0), rcmdcheck (>= 1.3.3), remotes (>= 2.2.0),
rlang (>= 0.4.7), roxygen2 (>= 7.1.1), rstudioapi (>= 0.11),
rversions (>= 2.0.2), sessioninfo (>= 1.1.1), stats, testthat
(>= 2.3.2), tools, utils, withr (>= 2.2.0)",NA,"BiocManager (>= 1.30.10), curl (>= 4.3), digest (>= 0.6.25),
foghorn (>= 1.3.1), gmailr (>= 1.0.0), knitr (>= 1.29), lintr
(>= 2.0.1), MASS, mockery (>= 0.4.2), pingr (>= 2.0.1), pkgdown
(>= 1.6.1), rhub (>= 1.1.1), rmarkdown (>= 2.3), spelling (>=
2.1)",NA,"GPL (>= 2)",NA,NA,NA,NA,"no","4.0.3"
"dfidx","G:/OneDrive/Documents/R/win-library/4.0","0.0-4",NA,"R (>= 2.10)","dplyr, Formula",NA,"knitr, rmarkdown, AER, mlogit, plm",NA,"GPL (>= 2)",NA,NA,NA,NA,"no","4.0.5"
"diffobj","G:/OneDrive/Documents/R/win-library/4.0","0.3.2",NA,"R (>= 3.1.0)","crayon (>= 1.3.2), tools, methods, utils, stats",NA,"knitr, rmarkdown, testthat",NA,"GPL (>= 2)",NA,NA,NA,NA,"yes","4.0.3"
"digest","G:/OneDrive/Documents/R/win-library/4.0","0.6.27",NA,"R (>= 3.3.0)","utils",NA,"tinytest, knitr, rmarkdown, minidown",NA,"GPL (>= 2)",NA,NA,NA,NA,"yes","4.0.3"
"dplyr","G:/OneDrive/Documents/R/win-library/4.0","1.0.4",NA,"R (>= 3.3.0)","ellipsis, generics, glue (>= 1.3.2), lifecycle (>= 0.2.0),
magrittr (>= 1.5), methods, R6, rlang (>= 0.4.9), tibble (>=
2.1.3), tidyselect (>= 1.1.0), utils, vctrs (>= 0.3.5)",NA,"bench, broom, callr, covr, DBI, dbplyr (>= 1.4.3), knitr,
Lahman, lobstr, microbenchmark, nycflights13, purrr, rmarkdown,
RMySQL, RPostgreSQL, RSQLite, testthat (>= 2.1.0), withr",NA,"MIT + file LICENSE",NA,NA,NA,NA,"yes","4.0.4"
"DT","G:/OneDrive/Documents/R/win-library/4.0","0.16",NA,NA,"htmltools (>= 0.3.6), htmlwidgets (>= 1.3), jsonlite (>=
0.9.16), magrittr, crosstalk, promises",NA,"knitr (>= 1.8), rmarkdown, shiny (>= 1.2.0), testit",NA,"GPL-3 | file LICENSE",NA,NA,NA,NA,"no","4.0.3"
"e1071","G:/OneDrive/Documents/R/win-library/4.0","1.7-6",NA,NA,"graphics, grDevices, class, stats, methods, utils, proxy",NA,"cluster, mlbench, nnet, randomForest, rpart, SparseM, xtable,
Matrix, MASS, slam",NA,"GPL-2 | GPL-3",NA,NA,NA,NA,"yes","4.0.5"
"effects","G:/OneDrive/Documents/R/win-library/4.0","4.2-0",NA,"R (>= 3.5.0), carData","lme4, nnet, lattice, grid, colorspace, graphics, grDevices,
stats, survey, utils, estimability, insight",NA,"pbkrtest (>= 0.4-4), nlme, MASS, poLCA, heplots, splines,
ordinal, car, knitr, betareg, alr4, robustlmm",NA,"GPL (>= 2)",NA,NA,NA,NA,"no","4.0.3"
"ellipsis","G:/OneDrive/Documents/R/win-library/4.0","0.3.1",NA,"R (>= 3.2)","rlang (>= 0.3.0)",NA,"covr, testthat",NA,"GPL-3",NA,NA,NA,NA,"yes","4.0.3"
"elliptic","G:/OneDrive/Documents/R/win-library/4.0","1.4-0",NA,"R (>= 2.5.0)","MASS",NA,"emulator, calibrator (>= 1.2-8)",NA,"GPL-2",NA,NA,NA,NA,"no","4.0.3"
"estimability","G:/OneDrive/Documents/R/win-library/4.0","1.3",NA,"stats",NA,NA,NA,NA,"GPL (>= 3)",NA,NA,NA,NA,"no","4.0.3"
"evaluate","G:/OneDrive/Documents/R/win-library/4.0","0.21",NA,"R (>= 3.0.2)","methods",NA,"covr, ggplot2, lattice, rlang, testthat (>= 3.0.0), withr",NA,"MIT + file LICENSE",NA,NA,NA,NA,"no","4.0.5"
"extrafont","G:/OneDrive/Documents/R/win-library/4.0","0.17",NA,"R (>= 2.15)","extrafontdb, grDevices, utils, Rttf2pt1",NA,"fontcm",NA,"GPL-2",NA,NA,NA,NA,"no","4.0.3"
"extrafontdb","G:/OneDrive/Documents/R/win-library/4.0","1.0",NA,"R (>= 2.14)",NA,NA,NA,NA,"GPL-2",NA,NA,NA,NA,NA,"4.0.3"
"ez","G:/OneDrive/Documents/R/win-library/4.0","4.4-0",NA,"R (>= 3.1)","car (>= 2.1-3), ggplot2 (>= 2.1.0), lme4 (>= 1.1-12), MASS (>=
7.3-45), Matrix (>= 1.2-7.1), mgcv (>= 1.8-12), plyr (>=
1.8.4), reshape2 (>= 1.4.2), scales (>= 0.4.0), stringr (>=
1.1.0)",NA,NA,NA,"GPL (>= 2)",NA,NA,NA,NA,"no","4.0.5"
"fansi","G:/OneDrive/Documents/R/win-library/4.0","0.4.2",NA,"R (>= 3.1.0)",NA,NA,"unitizer, knitr, rmarkdown",NA,"GPL (>= 2)",NA,NA,NA,NA,"yes","4.0.4"
"farver","G:/OneDrive/Documents/R/win-library/4.0","2.1.0",NA,NA,NA,NA,"testthat (>= 2.1.0), covr",NA,"MIT + file LICENSE",NA,NA,NA,NA,"yes","4.0.4"
"fastmap","G:/OneDrive/Documents/R/win-library/4.0","1.1.0",NA,NA,NA,NA,"testthat (>= 2.1.1)",NA,"MIT + file LICENSE",NA,NA,NA,NA,"yes","4.0.4"
"feather","G:/OneDrive/Documents/R/win-library/4.0","0.3.5",NA,NA,"Rcpp, tibble (>= 2.0.0), hms","Rcpp","testthat",NA,"Apache License 2.0",NA,NA,NA,NA,"yes","4.0.5"
"fontawesome","G:/OneDrive/Documents/R/win-library/4.0","0.5.1",NA,"R (>= 3.3.0)","rlang (>= 1.0.6), htmltools (>= 0.5.1.1)",NA,"covr, dplyr (>= 1.0.8), knitr (>= 1.31), testthat (>= 3.0.0),
rsvg",NA,"MIT + file LICENSE",NA,NA,NA,NA,"no","4.0.5"
"forcats","G:/OneDrive/Documents/R/win-library/4.0","0.5.0",NA,"R (>= 3.2)","ellipsis, magrittr, rlang, tibble",NA,"covr, ggplot2, testthat, readr, knitr, rmarkdown, dplyr",NA,"GPL-3",NA,NA,NA,NA,"no","4.0.3"
"foreach","G:/OneDrive/Documents/R/win-library/4.0","1.5.1",NA,"R (>= 2.5.0)","codetools, utils, iterators",NA,"randomForest, doMC, doParallel, testthat, knitr, rmarkdown",NA,"Apache License (== 2.0)",NA,NA,NA,NA,"no","4.0.3"
"Formula","G:/OneDrive/Documents/R/win-library/4.0","1.2-4",NA,"R (>= 2.0.0), stats",NA,NA,NA,NA,"GPL-2 | GPL-3",NA,NA,NA,NA,"no","4.0.3"
"fs","G:/OneDrive/Documents/R/win-library/4.0","1.5.0",NA,"R (>= 3.1)","methods",NA,"testthat, covr, pillar (>= 1.0.0), tibble (>= 1.1.0), crayon,
rmarkdown, knitr, withr, spelling, vctrs (>= 0.3.0)",NA,"GPL-3",NA,NA,NA,NA,"yes","4.0.3"
"gclus","G:/OneDrive/Documents/R/win-library/4.0","1.3.2",NA,"R (>= 2.10), cluster",NA,NA,"knitr, rmarkdown",NA,"GPL (>= 2)",NA,NA,NA,NA,"no","4.0.3"
"gdata","G:/OneDrive/Documents/R/win-library/4.0","2.18.0",NA,"R (>= 2.3.0)","gtools, stats, methods, utils",NA,"RUnit",NA,"GPL-2",NA,NA,NA,NA,"no","4.0.3"
"gdtools","G:/OneDrive/Documents/R/win-library/4.0","0.2.2",NA,NA,"Rcpp (>= 0.12.12), systemfonts (>= 0.1.1)","Rcpp","htmltools, testthat, fontquiver (>= 0.2.0), curl",NA,"GPL-3 | file LICENSE",NA,NA,NA,NA,"yes","4.0.3"
"geepack","G:/OneDrive/Documents/R/win-library/4.0","1.3-2",NA,"R (>= 3.5.0), methods","MASS, broom, magrittr",NA,NA,NA,"GPL (>= 3)",NA,NA,NA,NA,"yes","4.0.5"
"generics","G:/OneDrive/Documents/R/win-library/4.0","0.1.0",NA,"R (>= 3.1)","methods",NA,"covr, pkgload, testthat, tibble",NA,"MIT + file LICENSE",NA,NA,NA,NA,"no","4.0.3"
"GGally","G:/OneDrive/Documents/R/win-library/4.0","2.0.0",NA,"R (>= 3.1), ggplot2 (>= 3.3.0)","grDevices, grid, gtable (>= 0.2.0), plyr (>= 1.8.3), progress,
RColorBrewer, reshape (>= 0.8.5), scales (>= 1.1.0), utils,
rlang, lifecycle",NA,"broom (>= 0.4.0), chemometrics, geosphere (>= 1.5-1),
ggforce, Hmisc, igraph (>= 1.0.1), intergraph (>= 2.0-2), maps
(>= 3.1.0), mapproj, network (>= 1.12.0), scagnostics, sna (>=
2.3-2), survival, rmarkdown, roxygen2, testthat, crosstalk,
knitr, spelling",NA,"GPL (>= 2.0)",NA,NA,NA,NA,"no","4.0.3"
"ggcor","G:/OneDrive/Documents/R/win-library/4.0","0.9.4.3",NA,"R (>= 3.5.0)","grid, ade4, dplyr, digest, ggplot2 (>= 3.0.0), igraph, purrr,
RColorBrewer, rlang, scales, stats, tibble, tidygraph, utils,
vegan",NA,"ggraph, knitr, latex2exp, rmarkdown, picante, WGCNA",NA,"GPL-2",NA,NA,NA,NA,"no","4.0.3"
"ggcorrplot","G:/OneDrive/Documents/R/win-library/4.0","0.1.3",NA,"ggplot2","reshape2, stats",NA,"knitr, spelling",NA,"GPL-2",NA,NA,NA,NA,"no","4.0.3"
"ggforce","G:/OneDrive/Documents/R/win-library/4.0","0.3.2",NA,"ggplot2 (>= 3.0.0), R (>= 3.3.0)","Rcpp (>= 0.12.2), grid, scales, MASS, tweenr (>= 0.1.5),
gtable, rlang, polyclip, stats, grDevices, tidyselect, withr,
utils","Rcpp, RcppEigen","sessioninfo, concaveman, deldir, reshape2, units (>= 0.4-6),
covr",NA,"MIT + file LICENSE",NA,NA,NA,NA,"yes","4.0.3"
"ggm","G:/OneDrive/Documents/R/win-library/4.0","2.5",NA,"R (>= 3.6)","igraph, methods, graph",NA,NA,NA,"GPL-2",NA,NA,NA,NA,"no","4.0.3"
"ggplot2","G:/OneDrive/Documents/R/win-library/4.0","3.3.2",NA,"R (>= 3.2)","digest, glue, grDevices, grid, gtable (>= 0.1.1), isoband,
MASS, mgcv, rlang (>= 0.3.0), scales (>= 0.5.0), stats, tibble,
withr (>= 2.0.0)",NA,"covr, dplyr, ggplot2movies, hexbin, Hmisc, knitr, lattice,
mapproj, maps, maptools, multcomp, munsell, nlme, profvis,
quantreg, RColorBrewer, rgeos, rmarkdown, rpart, sf (>= 0.7-3),
svglite (>= 1.2.0.9001), testthat (>= 2.1.0), vdiffr (>= 0.3.0)","sp","GPL-2 | file LICENSE",NA,NA,NA,NA,"no","4.0.3"
"ggraph","G:/OneDrive/Documents/R/win-library/4.0","2.0.3",NA,"R (>= 2.10), ggplot2 (>= 3.0.0)","Rcpp (>= 0.12.2), dplyr, ggforce (>= 0.3.1), grid, igraph (>=
1.0.0), scales, MASS, digest, gtable, ggrepel, utils, stats,
viridis, rlang, tidygraph, graphlayouts (>= 0.5.0)","Rcpp","network, knitr, rmarkdown, purrr, tibble, seriation, deldir,
gganimate",NA,"MIT + file LICENSE",NA,NA,NA,NA,"yes","4.0.3"
"ggrepel","G:/OneDrive/Documents/R/win-library/4.0","0.8.2",NA,"R (>= 3.0.0), ggplot2 (>= 2.2.0)","grid, Rcpp, scales (>= 0.3.0)","Rcpp","knitr, rmarkdown, testthat, gridExtra, devtools, prettydoc",NA,"GPL-3 | file LICENSE",NA,NA,NA,NA,"yes","4.0.3"
"gh","G:/OneDrive/Documents/R/win-library/4.0","1.1.0",NA,NA,"cli, ini, jsonlite, httr (>= 1.2)",NA,"covr, keyring, pingr, testthat, withr",NA,"MIT + file LICENSE",NA,NA,NA,NA,"no","4.0.3"
"GISTools","G:/OneDrive/Documents/R/win-library/4.0","0.7-4",NA,"R (>= 2.15.0), maptools, sp, RColorBrewer, MASS, rgeos",NA,NA,NA,NA,"GPL (>= 2)",NA,NA,NA,NA,"no","4.0.3"
"git2r","G:/OneDrive/Documents/R/win-library/4.0","0.27.1",NA,"R (>= 3.1)","graphics, utils",NA,"getPass",NA,"GPL-2",NA,NA,NA,NA,"yes","4.0.3"
"GlobalOptions","G:/OneDrive/Documents/R/win-library/4.0","0.1.2",NA,"R (>= 3.3.0), methods","utils",NA,"testthat (>= 1.0.0), knitr, markdown, GetoptLong",NA,"MIT + file LICENSE",NA,NA,NA,NA,"no","4.0.3"
"glue","G:/OneDrive/Documents/R/win-library/4.0","1.4.2",NA,"R (>= 3.2)","methods",NA,"testthat, covr, magrittr, crayon, knitr, rmarkdown, DBI,
RSQLite, R.utils, forcats, microbenchmark, rprintf, stringr,
ggplot2, dplyr, withr, vctrs (>= 0.3.0)",NA,"MIT + file LICENSE",NA,NA,NA,NA,"yes","4.0.3"
"gplots","G:/OneDrive/Documents/R/win-library/4.0","3.1.0",NA,"R (>= 3.0)","gtools, stats, caTools, KernSmooth",NA,"grid, MASS, knitr",NA,"GPL-2",NA,NA,NA,NA,"no","4.0.3"
"graphlayouts","G:/OneDrive/Documents/R/win-library/4.0","0.7.1",NA,"R (>= 3.2.0)","igraph, Rcpp","Rcpp, RcppArmadillo","oaqc, testthat, ggraph, ggplot2, knitr, rmarkdown",NA,"MIT + file LICENSE",NA,NA,NA,NA,"yes","4.0.3"
"gridExtra","G:/OneDrive/Documents/R/win-library/4.0","2.3",NA,NA,"gtable, grid, grDevices, graphics, utils",NA,"ggplot2, egg, lattice, knitr, testthat",NA,"GPL (>= 2)",NA,NA,NA,NA,"no","4.0.3"
"gtable","G:/OneDrive/Documents/R/win-library/4.0","0.3.0",NA,"R (>= 3.0)","grid",NA,"covr, testthat, knitr, rmarkdown, ggplot2, profvis",NA,"GPL-2",NA,NA,NA,NA,"no","4.0.3"
"gtools","G:/OneDrive/Documents/R/win-library/4.0","3.8.2",NA,"methods, stats, utils",NA,NA,NA,NA,"GPL-2",NA,NA,NA,NA,"yes","4.0.3"
"haven","G:/OneDrive/Documents/R/win-library/4.0","2.3.1",NA,"R (>= 3.2)","forcats (>= 0.2.0), hms, methods, Rcpp (>= 0.11.4), readr (>=
0.1.0), rlang (>= 0.4.0), tibble, tidyselect, vctrs (>= 0.3.0)","Rcpp","covr, fs, knitr, rmarkdown, testthat, pillar (>= 1.4.0), cli,
crayon",NA,"MIT + file LICENSE",NA,NA,NA,NA,"yes","4.0.3"
"hexbin","G:/OneDrive/Documents/R/win-library/4.0","1.28.1",NA,"R (>= 2.0.1), methods","lattice, grid, graphics, grDevices, stats, utils",NA,"marray, affy, Biobase, limma, knitr",NA,"GPL-2",NA,NA,NA,NA,"yes","4.0.3"
"highcharter","G:/OneDrive/Documents/R/win-library/4.0","0.8.2",NA,"R (>= 2.10)","htmlwidgets, magrittr, purrr, rlist, assertthat, zoo, dplyr
(>= 0.7.0), tibble (>= 1.1), stringr (>= 1.3.0), broom, xts,
quantmod, tidyr, htmltools, jsonlite, igraph, lubridate, yaml,
rlang (>= 0.1.1), rjson",NA,"knitr, rmarkdown, survival, ggplot2, httr, viridisLite,
shiny, MASS, gapminder, forecast, geojsonio, testthat, covr,
spelling",NA,"MIT + file LICENSE",NA,NA,NA,NA,"no","4.0.4"
"highr","G:/OneDrive/Documents/R/win-library/4.0","0.8",NA,"R (>= 3.2.3)",NA,NA,"knitr, testit",NA,"GPL",NA,NA,NA,NA,"no","4.0.3"
"Hmisc","G:/OneDrive/Documents/R/win-library/4.0","4.5-0",NA,"lattice, survival (>= 3.1-6), Formula, ggplot2 (>= 2.2)","methods, latticeExtra, cluster, rpart, nnet, foreign, gtable,
grid, gridExtra, data.table, htmlTable (>= 1.11.0), viridis,
htmltools, base64enc",NA,"acepack, chron, rms, mice, tables, knitr, plotly (>= 4.5.6),
rlang, plyr, VGAM",NA,"GPL (>= 2)",NA,NA,NA,NA,"yes","4.0.4"
"hms","G:/OneDrive/Documents/R/win-library/4.0","0.5.3",NA,NA,"methods, pkgconfig, rlang, vctrs (>= 0.2.1)",NA,"crayon, lubridate, pillar (>= 1.1.0), testthat",NA,"GPL-3",NA,NA,NA,NA,"no","4.0.3"
"hrbrthemes","G:/OneDrive/Documents/R/win-library/4.0","0.8.0",NA,"R (>= 3.4.0)","ggplot2 (>= 3.3.0), grDevices, grid, scales, extrafont, knitr,
rmarkdown, htmltools, tools, magrittr, gdtools",NA,"testthat, dplyr, gridExtra, hunspell, stringi, gcookbook,
clipr, vdiffr, svglite",NA,"MIT + file LICENSE",NA,NA,NA,NA,"no","4.0.3"
"htmlTable","G:/OneDrive/Documents/R/win-library/4.0","2.1.0",NA,NA,"stringr, knitr (>= 1.6), magrittr (>= 1.5), methods,
checkmate, htmlwidgets, htmltools, rstudioapi (>= 0.6)",NA,"testthat, XML, xml2, Hmisc, reshape, rmarkdown, chron,
lubridate, tibble, purrr, tidyselect, glue, rlang, tidyr (>=
0.7.2), dplyr (>= 0.7.4)",NA,"GPL (>= 3)",NA,NA,NA,NA,"no","4.0.4"
"htmltools","G:/OneDrive/Documents/R/win-library/4.0","0.5.2",NA,"R (>= 2.14.1)","utils, digest, grDevices, base64enc, rlang (>= 0.4.10),
fastmap",NA,"markdown, testthat, withr, Cairo, ragg, shiny","knitr","GPL (>= 2)",NA,NA,NA,NA,"yes","4.0.5"
"htmlwidgets","G:/OneDrive/Documents/R/win-library/4.0","1.5.2",NA,NA,"grDevices, htmltools (>= 0.3), jsonlite (>= 0.9.16), yaml",NA,"knitr (>= 1.8), rmarkdown","shiny (>= 1.1)","MIT + file LICENSE",NA,NA,NA,NA,"no","4.0.3"
"httpuv","G:/OneDrive/Documents/R/win-library/4.0","1.5.5",NA,"R (>= 2.15.1)","Rcpp (>= 0.11.0), utils, R6, promises, later (>= 0.8.0)","Rcpp, BH, later","testthat, callr, curl, websocket",NA,"GPL (>= 2) | file LICENSE",NA,NA,NA,NA,"yes","4.0.4"
"httr","G:/OneDrive/Documents/R/win-library/4.0","1.4.2",NA,"R (>= 3.2)","curl (>= 3.0.0), jsonlite, mime, openssl (>= 0.8), R6",NA,"covr, httpuv, jpeg, knitr, png, readr, rmarkdown, testthat
(>= 0.8.0), xml2",NA,"MIT + file LICENSE",NA,NA,NA,NA,"no","4.0.3"
"hypergeo","G:/OneDrive/Documents/R/win-library/4.0","1.2-13",NA,"R (>= 3.1.0),","elliptic (>= 1.3-5), contfrac (>= 1.1-9), deSolve",NA,NA,NA,"GPL-2",NA,NA,NA,NA,"no","4.0.3"
"igraph","G:/OneDrive/Documents/R/win-library/4.0","1.2.6",NA,"methods","graphics, grDevices, magrittr, Matrix, pkgconfig (>= 2.0.0),
stats, utils",NA,"ape, digest, graph, igraphdata, rgl, scales, stats4, tcltk,
testthat, withr",NA,"GPL (>= 2)",NA,NA,NA,NA,"yes","4.0.3"
"ini","G:/OneDrive/Documents/R/win-library/4.0","0.3.1",NA,NA,NA,NA,"testthat",NA,"GPL-3",NA,NA,NA,NA,"no","4.0.3"
"insight","G:/OneDrive/Documents/R/win-library/4.0","0.11.0",NA,"R (>= 3.5)","methods, stats, utils",NA,"AER, afex, aod, BayesFactor, bayestestR, betareg, BGGM,
biglm, blavaan, blme, bbmle, brms, censReg, cgam, coxme, cplm,
crch, effectsize, emmeans, estimatr, feisr, fixest, gam, gamm4,
gamlss, gbm, gee, geepack, GLMMadaptive, glmmTMB, gmnl, httr,
ivreg, JM, lavaan, lfe, logistf, MASS, Matrix, MCMCglmm, mice,
mlogit, multgee, lme4, mgcv, nnet, nlme, ordinal, parameters,
plm, pscl, quantreg, rms, robustbase, robustlmm, rstanarm,
rstudioapi, speedglm, splines, statmod, survey, survival,
tripack, truncreg, testthat, VGAM, knitr, rmarkdown, spelling",NA,"GPL-3",NA,NA,NA,NA,"no","4.0.3"
"installr","G:/OneDrive/Documents/R/win-library/4.0","0.23.2",NA,"R (>= 2.14.0)","stringr, utils",NA,"curl, XML, devtools, rjson, data.table, plyr, ggplot2, sp,
tools, pkgbuild (>= 1.1.0), testthat (>= 2.1.0), mockery,
R.utils",NA,"GPL-2",NA,NA,NA,NA,"no","4.0.5"
"isoband","G:/OneDrive/Documents/R/win-library/4.0","0.2.2",NA,NA,"grid, utils","testthat","covr, ggplot2, knitr, magick, microbenchmark, rmarkdown, sf,
testthat",NA,"MIT + file LICENSE",NA,NA,NA,NA,"yes","4.0.3"
"iterators","G:/OneDrive/Documents/R/win-library/4.0","1.0.13",NA,"R (>= 2.5.0), utils",NA,NA,"RUnit, foreach",NA,"Apache License (== 2.0)",NA,NA,NA,NA,"no","4.0.3"
"jpeg","G:/OneDrive/Documents/R/win-library/4.0","0.1-8.1",NA,"R (>= 2.9.0)",NA,NA,NA,NA,"GPL-2 | GPL-3",NA,NA,NA,NA,"yes","4.0.3"
"jquerylib","G:/OneDrive/Documents/R/win-library/4.0","0.1.3",NA,NA,"htmltools",NA,"testthat",NA,"MIT + file LICENSE",NA,NA,NA,NA,"no","4.0.4"
"jsonlite","G:/OneDrive/Documents/R/win-library/4.0","1.7.2",NA,"methods",NA,NA,"httr, curl, plyr, testthat, knitr, rmarkdown, R.rsp, sf",NA,"MIT + file LICENSE",NA,NA,NA,NA,"yes","4.0.4"
"knitr","G:/OneDrive/Documents/R/win-library/4.0","1.31",NA,"R (>= 3.2.3)","evaluate (>= 0.10), highr, methods, markdown, stringr (>=
0.6), yaml (>= 2.1.19), xfun (>= 0.19), tools",NA,"formatR, testit, digest, rgl (>= 0.95.1201), codetools,
rmarkdown, htmlwidgets (>= 0.7), webshot, tikzDevice (>= 0.10),
tinytex, reticulate (>= 1.4), JuliaCall (>= 0.11.1), magick,
png, jpeg, gifski, xml2 (>= 1.2.0), httr, DBI (>= 0.4-1),
showtext, tibble, sass, ragg, styler (>= 1.2.0)",NA,"GPL",NA,NA,NA,NA,"no","4.0.4"
"kutils","G:/OneDrive/Documents/R/win-library/4.0","1.70",NA,"R (>= 3.3.0)","stats, utils, methods, foreign, xtable, plyr, openxlsx, RUnit",NA,"rockchalk",NA,"GPL-2",NA,NA,NA,NA,"no","4.0.3"
"labeling","G:/OneDrive/Documents/R/win-library/4.0","0.4.2",NA,NA,"stats, graphics",NA,NA,NA,"MIT + file LICENSE | Unlimited",NA,NA,NA,NA,"no","4.0.3"
"labelVector","G:/OneDrive/Documents/R/win-library/4.0","0.1.1",NA,"R (>= 2.0.0)",NA,NA,"Hmisc, knitr, testthat",NA,"MIT + file LICENSE",NA,NA,NA,NA,"no","4.0.4"
"later","G:/OneDrive/Documents/R/win-library/4.0","1.1.0.1",NA,NA,"Rcpp (>= 0.12.9), rlang","Rcpp, BH","knitr, rmarkdown, testthat",NA,"GPL (>= 2)",NA,NA,NA,NA,"yes","4.0.3"
"latticeExtra","G:/OneDrive/Documents/R/win-library/4.0","0.6-29",NA,"R (>= 3.6.0), lattice","grid, stats, utils, grDevices, png, jpeg, RColorBrewer",NA,"maps, mapproj, deldir, tripack, quantreg, zoo, MASS, mgcv",NA,"GPL (>= 2)",NA,NA,NA,NA,"no","4.0.4"
"lavaan","G:/OneDrive/Documents/R/win-library/4.0","0.6-7",NA,"R(>= 3.4)","methods, stats4, stats, utils, graphics, MASS, mnormt,
pbivnorm, numDeriv",NA,NA,NA,"GPL (>= 2)",NA,NA,NA,NA,"no","4.0.3"
"lazyeval","G:/OneDrive/Documents/R/win-library/4.0","0.2.2",NA,"R (>= 3.1.0)",NA,NA,"knitr, rmarkdown (>= 0.2.65), testthat, covr",NA,"GPL-3",NA,NA,NA,NA,"yes","4.0.3"
"leaps","G:/OneDrive/Documents/R/win-library/4.0","3.1",NA,"",NA,NA,"biglm",NA,"GPL (>= 2)",NA,NA,NA,NA,"yes","4.0.5"
"learnr","G:/OneDrive/Documents/R/win-library/4.0","0.10.1",NA,NA,"utils, parallel, withr, rappdirs, rprojroot, jsonlite,
htmltools (>= 0.3.5), htmlwidgets, evaluate, knitr (>= 1.14),
markdown, shiny (>= 1.0), rmarkdown (>= 1.12.0), ellipsis (>=
0.2.0.1), checkmate, renv (>= 0.8.0)",NA,"testthat (>= 2.1.0), callr, rlang",NA,"Apache License (>= 2.0)",NA,NA,NA,NA,"no","4.0.3"
"lifecycle","G:/OneDrive/Documents/R/win-library/4.0","1.0.0",NA,"R (>= 3.3)","glue, rlang (>= 0.4.10)",NA,"covr, crayon, knitr, rmarkdown, testthat (>= 3.0.1), tibble",NA,"MIT + file LICENSE",NA,NA,NA,NA,"no","4.0.4"
"lme4","G:/OneDrive/Documents/R/win-library/4.0","1.1-25",NA,"R (>= 3.2.0), Matrix (>= 1.2-1), methods, stats","graphics, grid, splines, utils, parallel, MASS, lattice, boot,
nlme (>= 3.1-123), minqa (>= 1.1.15), nloptr (>= 1.0.4),
statmod","Rcpp (>= 0.10.5), RcppEigen","knitr, rmarkdown, PKPDmodels, MEMSS, testthat (>= 0.8.1),
ggplot2, mlmRev, optimx (>= 2013.8.6), gamm4, pbkrtest, HSAUR3,
numDeriv, car, dfoptim, mgcv",NA,"GPL (>= 2)",NA,NA,NA,NA,"yes","4.0.3"
"lmtest","G:/OneDrive/Documents/R/win-library/4.0","0.9-38",NA,"R (>= 3.0.0), stats, zoo","graphics",NA,"car, strucchange, sandwich, dynlm, stats4, survival, AER",NA,"GPL-2 | GPL-3",NA,NA,NA,NA,"yes","4.0.5"
"lubridate","G:/OneDrive/Documents/R/win-library/4.0","1.7.9",NA,"methods, R (>= 3.2)","generics, Rcpp (>= 0.12.13)","Rcpp","covr, knitr, testthat (>= 2.1.0), vctrs (>= 0.3.0)","chron, timeDate, tis, zoo","GPL (>= 2)",NA,NA,NA,NA,"yes","4.0.3"
"magrittr","G:/OneDrive/Documents/R/win-library/4.0","2.0.1",NA,NA,NA,NA,"covr, knitr, rlang, rmarkdown, testthat",NA,"MIT + file LICENSE",NA,NA,NA,NA,"yes","4.0.3"
"manipulateWidget","G:/OneDrive/Documents/R/win-library/4.0","0.10.1",NA,NA,"shiny (>= 1.0.3), miniUI, htmltools, htmlwidgets, knitr,
methods, tools, base64enc, grDevices, codetools, webshot",NA,"dygraphs, leaflet, plotly, xts, rmarkdown, testthat, covr",NA,"GPL (>= 2) | file LICENSE",NA,NA,NA,NA,"no","4.0.5"
"maptools","G:/OneDrive/Documents/R/win-library/4.0","1.0-2",NA,"R (>= 2.10), sp (>= 1.0-11)","foreign (>= 0.8), methods, grid, lattice, stats, utils,
grDevices",NA,"rgeos (>= 0.1-8), spatstat (>= 1.60), PBSmapping, maps,
RColorBrewer, raster, polyclip, spatstat.utils, plotrix","gpclib","GPL (>= 2)",NA,NA,NA,NA,"yes","4.0.3"
"markdown","G:/OneDrive/Documents/R/win-library/4.0","1.1",NA,"R (>= 2.11.1)","utils, xfun, mime (>= 0.3)",NA,"knitr, RCurl",NA,"GPL-2",NA,NA,NA,NA,"yes","4.0.3"
"matrixcalc","G:/OneDrive/Documents/R/win-library/4.0","1.0-3",NA,"R (>= 2.0.1)",NA,NA,NA,NA,"GPL (>= 2)",NA,NA,NA,NA,NA,"4.0.3"
"MatrixModels","G:/OneDrive/Documents/R/win-library/4.0","0.4-1",NA,"R (>= 3.0.1)","stats, methods, Matrix (>= 1.1-5)",NA,NA,NA,"GPL (>= 2)",NA,NA,NA,NA,"no","4.0.3"
"matrixStats","G:/OneDrive/Documents/R/win-library/4.0","0.57.0",NA,"R (>= 2.12.0)",NA,NA,"base64enc, ggplot2, knitr, microbenchmark, R.devices, R.rsp",NA,"Artistic-2.0",NA,NA,NA,NA,"yes","4.0.3"
"mc2d","G:/OneDrive/Documents/R/win-library/4.0","0.1-21",NA,"R (>= 2.10.0), mvtnorm","stats, grDevices, graphics, utils",NA,"fitdistrplus, survival, testthat (>= 3.0.0)",NA,"GPL (>= 2)",NA,NA,NA,NA,"no","4.0.5"
"memoise","G:/OneDrive/Documents/R/win-library/4.0","2.0.1",NA,NA,"rlang (>= 0.4.10), cachem",NA,"digest, aws.s3, covr, googleAuthR, googleCloudStorageR, httr,
testthat",NA,"MIT + file LICENSE",NA,NA,NA,NA,"no","4.0.5"
"mi","G:/OneDrive/Documents/R/win-library/4.0","1.0",NA,"R (>= 3.0.0), methods, Matrix, stats4","arm (>= 1.4-11)",NA,"betareg, lattice, knitr, MASS, nnet, parallel, sn, survival,
truncnorm, foreign",NA,"GPL (>= 2)",NA,NA,NA,NA,"no","4.0.5"
"mime","G:/OneDrive/Documents/R/win-library/4.0","0.10",NA,NA,"tools",NA,NA,NA,"GPL",NA,NA,NA,NA,"yes","4.0.4"
"miniUI","G:/OneDrive/Documents/R/win-library/4.0","0.1.1.1",NA,NA,"shiny (>= 0.13), htmltools (>= 0.3), utils",NA,NA,NA,"GPL-3",NA,NA,NA,NA,"no","4.0.5"
"minqa","G:/OneDrive/Documents/R/win-library/4.0","1.2.4",NA,NA,"Rcpp (>= 0.9.10)","Rcpp",NA,NA,"GPL-2",NA,NA,NA,NA,"yes","4.0.3"
"misty","G:/OneDrive/Documents/R/win-library/4.0","0.3.2",NA,"R (>= 3.3.3)","haven, lavaan, lme4, readxl",NA,"mnormt, nlme, plyr, R.rsp",NA,"MIT + file LICENSE",NA,NA,NA,NA,"no","4.0.3"
"mitools","G:/OneDrive/Documents/R/win-library/4.0","2.4",NA,NA,"DBI, methods, stats",NA,"RODBC, foreign",NA,"GPL-2",NA,NA,NA,NA,"no","4.0.3"
"mlogit","G:/OneDrive/Documents/R/win-library/4.0","1.1-1",NA,"R (>= 2.10), dfidx","Formula, zoo, lmtest, statmod, MASS, Rdpack",NA,"knitr, car, nnet, lattice, AER, ggplot2, texreg, rmarkdown",NA,"GPL (>= 2)",NA,NA,NA,NA,"no","4.0.5"
"mnormt","G:/OneDrive/Documents/R/win-library/4.0","2.0.2",NA,"R (>= 2.2.0)","tmvnsim (>= 1.0-2)",NA,NA,NA,"GPL-2 | GPL-3",NA,NA,NA,NA,"yes","4.0.3"
"modelr","G:/OneDrive/Documents/R/win-library/4.0","0.1.8",NA,"R (>= 3.2)","broom, magrittr, purrr (>= 0.2.2), rlang (>= 0.2.0), tibble,
tidyr (>= 0.8.0), tidyselect, vctrs",NA,"compiler, covr, ggplot2, testthat",NA,"GPL-3",NA,NA,NA,NA,"no","4.0.3"
"multcomp","G:/OneDrive/Documents/R/win-library/4.0","1.4-15",NA,"stats, graphics, mvtnorm (>= 1.0-10), survival (>= 2.39-4),
TH.data (>= 1.0-2)","sandwich (>= 2.3-0), codetools",NA,"lme4 (>= 0.999375-16), nlme, robustbase, coin, MASS, foreign,
xtable, lmtest, coxme (>= 2.2-1), SimComp, ISwR, tram (>=
0.2-5)",NA,"GPL-2",NA,NA,NA,NA,"no","4.0.3"
"munsell","G:/OneDrive/Documents/R/win-library/4.0","0.5.0",NA,NA,"colorspace, methods",NA,"ggplot2, testthat",NA,"MIT + file LICENSE",NA,NA,NA,NA,"no","4.0.3"
"mvtnorm","G:/OneDrive/Documents/R/win-library/4.0","1.1-1",NA,"R(>= 3.5.0)","stats, methods",NA,NA,NA,"GPL-2",NA,NA,NA,NA,"yes","4.0.3"
"nloptr","G:/OneDrive/Documents/R/win-library/4.0","1.2.2.2",NA,NA,NA,NA,"testthat (>= 0.8.1), knitr, rmarkdown, inline (>= 0.3.14)",NA,"LGPL-3",NA,NA,NA,NA,"yes","4.0.3"
"nortest","G:/OneDrive/Documents/R/win-library/4.0","1.0-4",NA,NA,"stats",NA,NA,NA,"GPL (>= 2)",NA,NA,NA,NA,"no","4.0.3"
"numDeriv","G:/OneDrive/Documents/R/win-library/4.0","2016.8-1.1",NA,"R (>= 2.11.1)",NA,NA,NA,NA,"GPL-2",NA,NA,NA,NA,"no","4.0.3"
"openssl","G:/OneDrive/Documents/R/win-library/4.0","1.4.3",NA,NA,"askpass",NA,"testthat (>= 2.1.0), digest, knitr, rmarkdown, jsonlite,
jose, sodium",NA,"MIT + file LICENSE",NA,NA,NA,NA,"yes","4.0.3"
"openxlsx","G:/OneDrive/Documents/R/win-library/4.0","4.2.2",NA,"R (>= 3.3.0)","grDevices, methods, Rcpp, stats, utils, zip, stringi","Rcpp","knitr, testthat, roxygen2, rmarkdown",NA,"MIT + file LICENSE",NA,NA,NA,NA,"yes","4.0.3"
"optimbase","G:/OneDrive/Documents/R/win-library/4.0","1.0-9",NA,"Matrix, methods",NA,NA,NA,NA,"CeCILL-2",NA,NA,NA,NA,"no","4.0.3"
"parsedate","G:/OneDrive/Documents/R/win-library/4.0","1.2.0",NA,NA,"rematch2",NA,"covr, testthat, withr",NA,"GPL-2",NA,NA,NA,NA,"yes","4.0.3"
"pastecs","G:/OneDrive/Documents/R/win-library/4.0","1.3.21",NA,NA,"boot, stats, graphics, utils, grDevices",NA,"svUnit, covr",NA,"GPL-2",NA,NA,NA,NA,"no","4.0.3"
"patchwork","G:/OneDrive/Documents/R/win-library/4.0","1.1.1",NA,NA,"ggplot2 (>= 3.0.0), gtable, grid, stats, grDevices, utils,
graphics",NA,"knitr, rmarkdown, gridGraphics, gridExtra, ragg, testthat (>=
2.1.0), vdiffr, covr, png",NA,"MIT + file LICENSE",NA,NA,NA,NA,"no","4.0.4"
"pbapply","G:/OneDrive/Documents/R/win-library/4.0","1.4-3",NA,"R (>= 3.2.0)","parallel",NA,NA,NA,"GPL-2",NA,NA,NA,NA,"no","4.0.3"
"pbivnorm","G:/OneDrive/Documents/R/win-library/4.0","0.6.0",NA,NA,NA,NA,NA,NA,"GPL (>= 2)",NA,NA,NA,NA,"yes","4.0.3"
"pbkrtest","G:/OneDrive/Documents/R/win-library/4.0","0.4-8.6",NA,"R (>= 3.6.0), lme4 (>= 1.1.10)","Matrix (>= 1.2.3), parallel, magrittr, MASS, methods",NA,NA,NA,"GPL (>= 2)",NA,NA,NA,NA,"no","4.0.3"
"permute","G:/OneDrive/Documents/R/win-library/4.0","0.9-5",NA,"R (>= 2.14.0)","stats",NA,"vegan (>= 2.0-0), testthat (>= 0.5), parallel",NA,"GPL-2",NA,NA,NA,NA,"no","4.0.3"
"pheatmap","G:/OneDrive/Documents/R/win-library/4.0","1.0.12",NA,"R (>= 2.0)","grid, RColorBrewer, scales, gtable, stats, grDevices, graphics",NA,NA,NA,"GPL-2",NA,NA,NA,NA,"no","4.0.3"
"pillar","G:/OneDrive/Documents/R/win-library/4.0","1.5.1",NA,NA,"cli, crayon (>= 1.3.4), ellipsis, fansi, lifecycle, rlang (>=
0.3.0), utf8 (>= 1.1.0), utils, vctrs (>= 0.2.0)",NA,"bit64, debugme, DiagrammeR, knitr, lubridate, nycflights13,
palmerpenguins, rmarkdown, survival, testthat (>= 3.0.2),
tibble, withr",NA,"MIT + file LICENSE",NA,NA,NA,NA,"no","4.0.4"
"pingr","G:/OneDrive/Documents/R/win-library/4.0","2.0.1",NA,NA,"processx, utils",NA,"covr, testthat",NA,"MIT + file LICENSE",NA,NA,NA,NA,"yes","4.0.3"
"pixiedust","G:/OneDrive/Documents/R/win-library/4.0","0.9.1",NA,"R (>= 3.1.2)","broom, checkmate (>= 1.8.0), htmltools, knitr, labelVector,
magrittr, reshape2, scales",NA,"dplyr, rmarkdown, testthat",NA,"GPL (>= 2)",NA,NA,NA,NA,"no","4.0.4"
"pixmap","G:/OneDrive/Documents/R/win-library/4.0","0.4-11",NA,"methods",NA,NA,NA,NA,"GPL-2",NA,NA,NA,NA,NA,"4.0.3"
"pkgbuild","G:/OneDrive/Documents/R/win-library/4.0","1.1.0",NA,"R (>= 3.1)","callr (>= 3.2.0), cli, crayon, desc, prettyunits, R6,
rprojroot, withr (>= 2.1.2)",NA,"Rcpp, cpp11, testthat, covr",NA,"GPL-3",NA,NA,NA,NA,"no","4.0.3"
"pkgconfig","G:/OneDrive/Documents/R/win-library/4.0","2.0.3",NA,NA,"utils",NA,"covr, testthat, disposables (>= 1.0.3)",NA,"MIT + file LICENSE",NA,NA,NA,NA,"no","4.0.3"
"pkgload","G:/OneDrive/Documents/R/win-library/4.0","1.1.0",NA,NA,"cli, crayon, desc, methods, pkgbuild, rlang, rprojroot,
rstudioapi, utils, withr",NA,"bitops, covr, Rcpp, testthat",NA,"GPL-3",NA,NA,NA,NA,"yes","4.0.3"
"plotly","G:/OneDrive/Documents/R/win-library/4.0","4.9.2.2",NA,"R (>= 3.2.0), ggplot2 (>= 3.0.0)","tools, scales, httr, jsonlite (>= 1.6), magrittr, digest,
viridisLite, base64enc, htmltools (>= 0.3.6), htmlwidgets (>=
1.3), tidyr, hexbin, RColorBrewer, dplyr, tibble, lazyeval (>=
0.2.0), rlang, crosstalk, purrr, data.table, promises",NA,"MASS, maps, ggthemes, GGally, testthat, knitr, devtools,
shiny (>= 1.1.0), shinytest (>= 1.3.0), curl, rmarkdown,
vdiffr, Cairo, broom, webshot, listviewer, dendextend, sf,
maptools, rgeos, png, IRdisplay, processx, plotlyGeoAssets,
forcats",NA,"MIT + file LICENSE",NA,NA,NA,NA,"no","4.0.3"
"plyr","G:/OneDrive/Documents/R/win-library/4.0","1.8.6",NA,"R (>= 3.1.0)","Rcpp (>= 0.11.0)","Rcpp","abind, covr, doParallel, foreach, iterators, itertools,
tcltk, testthat",NA,"MIT + file LICENSE",NA,NA,NA,NA,"yes","4.0.3"
"png","G:/OneDrive/Documents/R/win-library/4.0","0.1-7",NA,"R (>= 2.9.0)",NA,NA,NA,NA,"GPL-2 | GPL-3",NA,NA,NA,NA,"yes","4.0.3"
"polyclip","G:/OneDrive/Documents/R/win-library/4.0","1.10-0",NA,"R (>= 3.0.0)",NA,NA,NA,NA,"BSL",NA,NA,NA,NA,"yes","4.0.3"
"praise","G:/OneDrive/Documents/R/win-library/4.0","1.0.0",NA,NA,NA,NA,"testthat",NA,"MIT + file LICENSE",NA,NA,NA,NA,"no","4.0.3"
"prettyunits","G:/OneDrive/Documents/R/win-library/4.0","1.1.1",NA,NA,NA,NA,"codetools, covr, testthat",NA,"MIT + file LICENSE",NA,NA,NA,NA,"no","4.0.3"
"processx","G:/OneDrive/Documents/R/win-library/4.0","3.4.4",NA,NA,"ps (>= 1.2.0), R6, utils",NA,"callr (>= 3.2.0), codetools, covr, crayon, curl, debugme,
parallel, testthat, withr",NA,"MIT + file LICENSE",NA,NA,NA,NA,"yes","4.0.3"
"progress","G:/OneDrive/Documents/R/win-library/4.0","1.2.2",NA,NA,"hms, prettyunits, R6, crayon",NA,"Rcpp, testthat, withr",NA,"MIT + file LICENSE",NA,NA,NA,NA,"no","4.0.3"
"promises","G:/OneDrive/Documents/R/win-library/4.0","1.2.0.1",NA,NA,"R6, Rcpp, later, rlang, stats, magrittr","later, Rcpp","testthat, future (>= 1.21.0), fastmap (>= 1.1.0), purrr,
knitr, rmarkdown, vembedr, spelling",NA,"MIT + file LICENSE",NA,NA,NA,NA,"yes","4.0.4"
"proxy","G:/OneDrive/Documents/R/win-library/4.0","0.4-25",NA,"R (>= 3.4.0)","stats, utils",NA,"cba",NA,"GPL-2",NA,NA,NA,NA,"yes","4.0.5"
"ps","G:/OneDrive/Documents/R/win-library/4.0","1.4.0",NA,"R (>= 3.1)","utils",NA,"callr, covr, curl, pingr, processx (>= 3.1.0), R6, rlang,
testthat, tibble",NA,"MIT + file LICENSE",NA,NA,NA,NA,"yes","4.0.3"
"purrr","G:/OneDrive/Documents/R/win-library/4.0","0.3.4",NA,"R (>= 3.2)","magrittr (>= 1.5), rlang (>= 0.3.1)",NA,"covr, crayon, dplyr (>= 0.7.8), knitr, rmarkdown, testthat,
tibble, tidyselect",NA,"GPL-3 | file LICENSE",NA,NA,NA,NA,"yes","4.0.3"
"qap","G:/OneDrive/Documents/R/win-library/4.0","0.1-1",NA,NA,NA,NA,"testthat",NA,"GPL-3",NA,NA,NA,NA,"yes","4.0.3"
"quantmod","G:/OneDrive/Documents/R/win-library/4.0","0.4.18",NA,"R (>= 3.2.0), xts(>= 0.9-0), zoo, TTR(>= 0.2), methods","curl",NA,"DBI,RMySQL,RSQLite,timeSeries,xml2,downloader,jsonlite(>=
1.1)",NA,"GPL-3",NA,NA,NA,NA,"no","4.0.4"
"quantreg","G:/OneDrive/Documents/R/win-library/4.0","5.75",NA,"R (>= 2.6), stats, SparseM","methods, graphics, Matrix, MatrixModels, conquer",NA,"tripack, akima, MASS, survival, rgl, logspline, nor1mix,
Formula, zoo, R.rsp",NA,"GPL (>= 2)",NA,NA,NA,NA,"yes","4.0.3"
"R.matlab","G:/OneDrive/Documents/R/win-library/4.0","3.6.2",NA,"R (>= 2.14.0)","methods, utils, R.methodsS3 (>= 1.7.1), R.oo (>= 1.21.0),
R.utils (>= 2.5.0)",NA,"Matrix, SparseM",NA,"LGPL (>= 2.1)",NA,NA,NA,NA,"no","4.0.5"
"R.methodsS3","G:/OneDrive/Documents/R/win-library/4.0","1.8.1",NA,"R (>= 2.13.0)","utils",NA,"codetools",NA,"LGPL (>= 2.1)",NA,NA,NA,NA,"no","4.0.3"
"R.oo","G:/OneDrive/Documents/R/win-library/4.0","1.24.0",NA,"R (>= 2.13.0), R.methodsS3 (>= 1.8.0)","methods, utils",NA,"tools",NA,"LGPL (>= 2.1)",NA,NA,NA,NA,"no","4.0.3"
"R.utils","G:/OneDrive/Documents/R/win-library/4.0","2.10.1",NA,"R (>= 2.14.0), R.oo (>= 1.23.0)","methods, utils, tools, R.methodsS3 (>= 1.8.0)",NA,"digest (>= 0.6.10)",NA,"LGPL (>= 2.1)",NA,NA,NA,NA,"no","4.0.3"
"R6","G:/OneDrive/Documents/R/win-library/4.0","2.5.0",NA,"R (>= 3.0)",NA,NA,"knitr, microbenchmark, pryr, testthat, ggplot2, scales",NA,"MIT + file LICENSE",NA,NA,NA,NA,"no","4.0.3"
"rappdirs","G:/OneDrive/Documents/R/win-library/4.0","0.3.3",NA,"R (>= 3.2)",NA,NA,"roxygen2, testthat (>= 3.0.0), covr, withr",NA,"MIT + file LICENSE",NA,NA,NA,NA,"yes","4.0.4"
"rbibutils","G:/OneDrive/Documents/R/win-library/4.0","2.1.1",NA,"R (>= 2.10)","utils, tools",NA,"testthat",NA,"GPL-2",NA,NA,NA,NA,"yes","4.0.5"
"rcmdcheck","G:/OneDrive/Documents/R/win-library/4.0","1.3.3",NA,NA,"callr (>= 3.1.1.9000), cli (>= 1.1.0), crayon, desc (>=
1.2.0), digest, pkgbuild, prettyunits, R6, rprojroot,
sessioninfo (>= 1.1.1), utils, withr, xopen",NA,"covr, knitr, mockery, rmarkdown, testthat",NA,"MIT + file LICENSE",NA,NA,NA,NA,"no","4.0.3"
"Rcmdr","G:/OneDrive/Documents/R/win-library/4.0","2.7-1",NA,"R (>= 3.5.0), grDevices, graphics, methods, stats, utils,
splines, RcmdrMisc (>= 2.7-1), car (>= 3.0-8), effects (>=
4.0-3)","tcltk, tcltk2 (>= 1.2-6), abind, relimp (>= 1.0-5), lme4",NA,"aplpack, boot, colorspace, e1071, foreign, grid, Hmisc,
knitr, lattice, leaps, lmtest, markdown, MASS, mgcv, multcomp
(>= 0.991-2), nlme, nnet, nortest, readxl, rgl (>= 0.96.0),
rmarkdown (>= 0.9.5), sem (>= 2.1-1)",NA,"GPL (>= 2)",NA,NA,NA,NA,"no","4.0.5"
"RcmdrMisc","G:/OneDrive/Documents/R/win-library/4.0","2.7-1",NA,"R (>= 3.5.0), utils, car (>= 3.0-0), sandwich","abind, colorspace, Hmisc (>= 4.1-0), MASS, e1071, foreign,
haven, readstata13, readxl, graphics, grDevices, stats,
nortest, lattice",NA,"boot, datasets, carData",NA,"GPL (>= 2)",NA,NA,NA,NA,"no","4.0.5"
"RColorBrewer","G:/OneDrive/Documents/R/win-library/4.0","1.1-2",NA,"R (>= 2.0.0)",NA,NA,NA,NA,"Apache License 2.0",NA,NA,NA,NA,"no","4.0.3"
"Rcpp","G:/OneDrive/Documents/R/win-library/4.0","1.0.6",NA,NA,"methods, utils",NA,"tinytest, inline, rbenchmark, pkgKitten (>= 0.1.2)",NA,"GPL (>= 2)",NA,NA,NA,NA,"yes","4.0.4"
"RcppArmadillo","G:/OneDrive/Documents/R/win-library/4.0","0.10.1.0.0",NA,"R (>= 3.3.0)","Rcpp (>= 0.11.0), stats, utils, methods","Rcpp","tinytest, Matrix, pkgKitten, reticulate, slam",NA,"GPL (>= 2)",NA,NA,NA,NA,"yes","4.0.3"
"RcppEigen","G:/OneDrive/Documents/R/win-library/4.0","0.3.3.7.0",NA,"R (>= 2.15.1)","Matrix (>= 1.1-0), Rcpp (>= 0.11.0), stats, utils","Rcpp","inline, tinytest, pkgKitten, microbenchmark",NA,"GPL (>= 2) | file LICENSE",NA,NA,NA,NA,"yes","4.0.3"
"Rdpack","G:/OneDrive/Documents/R/win-library/4.0","2.1.1",NA,"R (>= 2.15.0), methods","tools, utils, rbibutils (>= 1.3)",NA,"grDevices, testthat, rstudioapi, rprojroot, gbRd",NA,"GPL (>= 2)",NA,NA,NA,NA,"no","4.0.5"
"readr","G:/OneDrive/Documents/R/win-library/4.0","1.4.0",NA,"R (>= 3.1)","cli, clipr, crayon, hms (>= 0.4.1), methods, rlang, R6,
tibble, utils, lifecycle","BH, cpp11","covr, curl, dplyr, knitr, rmarkdown, spelling, stringi,
testthat, xml2",NA,"GPL (>= 2) | file LICENSE",NA,NA,NA,NA,"yes","4.0.3"
"readstata13","G:/OneDrive/Documents/R/win-library/4.0","0.9.2",NA,NA,"Rcpp (>= 0.11.5)","Rcpp","testthat",NA,"GPL-2 | file LICENSE",NA,NA,NA,NA,"yes","4.0.5"
"readxl","G:/OneDrive/Documents/R/win-library/4.0","1.3.1",NA,NA,"cellranger, Rcpp (>= 0.12.18), tibble (>= 1.3.1), utils","progress, Rcpp","covr, knitr, rmarkdown, rprojroot (>= 1.1), testthat",NA,"GPL-3",NA,NA,NA,NA,"yes","4.0.5"
"registry","G:/OneDrive/Documents/R/win-library/4.0","0.5-1",NA,"R (>= 2.6.0)","utils",NA,NA,NA,"GPL-2",NA,NA,NA,NA,"no","4.0.3"
"relimp","G:/OneDrive/Documents/R/win-library/4.0","1.0-5",NA,"R (>= 2.0.0)","stats, utils",NA,"tcltk, nnet, MASS, Rcmdr",NA,"GPL (>= 2)",NA,NA,NA,NA,"no","4.0.5"
"rematch","G:/OneDrive/Documents/R/win-library/4.0","1.0.1",NA,NA,NA,NA,"covr, testthat",NA,"MIT + file LICENSE",NA,NA,NA,NA,"no","4.0.3"
"rematch2","G:/OneDrive/Documents/R/win-library/4.0","2.1.2",NA,NA,"tibble",NA,"covr, testthat",NA,"MIT + file LICENSE",NA,NA,NA,NA,"no","4.0.3"
"remotes","G:/OneDrive/Documents/R/win-library/4.0","2.2.0",NA,"R (>= 3.0.0)","methods, stats, tools, utils",NA,"brew, callr, codetools, curl, covr, git2r (>= 0.23.0), knitr,
mockery, pkgbuild (>= 1.0.1), pingr, rmarkdown, rprojroot,
testthat, withr",NA,"GPL (>= 2)",NA,NA,NA,NA,"no","4.0.4"
"renv","G:/OneDrive/Documents/R/win-library/4.0","0.12.3",NA,NA,"utils",NA,"R6, BiocManager, cli, covr, devtools, knitr, packrat,
remotes, reticulate, rmarkdown, rstudioapi, testthat, uuid,
yaml",NA,"MIT + file LICENSE",NA,NA,NA,NA,"no","4.0.3"
"reprex","G:/OneDrive/Documents/R/win-library/4.0","0.3.0",NA,"R (>= 3.1)","callr (>= 2.0.0), clipr (>= 0.4.0), fs, rlang, rmarkdown,
utils, whisker, withr",NA,"covr, devtools, fortunes, knitr, miniUI, rprojroot,
rstudioapi, shiny, styler (>= 1.0.2), testthat (>= 2.0.0)",NA,"MIT + file LICENSE",NA,NA,NA,NA,"no","4.0.3"
"reshape","G:/OneDrive/Documents/R/win-library/4.0","0.8.8",NA,"R (>= 2.6.1)","plyr",NA,NA,NA,"MIT + file LICENSE",NA,NA,NA,NA,"yes","4.0.3"
"reshape2","G:/OneDrive/Documents/R/win-library/4.0","1.4.4",NA,"R (>= 3.1)","plyr (>= 1.8.1), Rcpp, stringr","Rcpp","covr, lattice, testthat (>= 0.8.0)",NA,"MIT + file LICENSE",NA,NA,NA,NA,"yes","4.0.3"
"rex","G:/OneDrive/Documents/R/win-library/4.0","1.2.0",NA,NA,"lazyeval",NA,"testthat, knitr, rmarkdown, dplyr, ggplot2, magrittr, Hmisc,
stringr, rvest, roxygen2, covr",NA,"MIT + file LICENSE",NA,NA,NA,NA,"no","4.0.3"
"rgeos","G:/OneDrive/Documents/R/win-library/4.0","0.5-5",NA,"R (>= 3.3.0), methods, sp (>= 1.1-0)","utils, stats, graphics","sp","maptools (>= 0.8-5), testthat, XML, maps, rgdal",NA,"GPL (>= 2)",NA,NA,NA,NA,"yes","4.0.3"
"rgl","G:/OneDrive/Documents/R/win-library/4.0","0.106.8",NA,"R (>= 3.3.0)","graphics, grDevices, stats, utils, htmlwidgets, htmltools,
knitr, jsonlite (>= 0.9.20), shiny, magrittr, crosstalk,
manipulateWidget (>= 0.9.0)",NA,"MASS, rmarkdown, deldir, orientlib, lattice, misc3d,
rstudioapi, magick, plotrix (>= 3.7-3), tripack, interp,
alphashape3d, tcltk, js (>= 1.2), akima, webshot2, downlit,
pkgdown, extrafont","waldo","GPL",NA,NA,NA,NA,"yes","4.0.5"
"rio","G:/OneDrive/Documents/R/win-library/4.0","0.5.16",NA,"R (>= 2.15.0)","tools, stats, utils, foreign, haven (>= 1.1.0), curl (>= 0.6),
data.table (>= 1.9.8), readxl (>= 0.1.1), openxlsx, tibble",NA,"datasets, bit64, testthat, knitr, magrittr, clipr, csvy,
feather, fst, hexView, jsonlite, readODS (>= 1.6.4), readr,
rmatio, xml2 (>= 1.2.0), yaml",NA,"GPL-2",NA,NA,NA,NA,"no","4.0.3"
"rjson","G:/OneDrive/Documents/R/win-library/4.0","0.2.20",NA,"R (>= 3.1.0)",NA,NA,NA,NA,"GPL-2",NA,NA,NA,NA,"yes","4.0.3"
"rlang","G:/OneDrive/Documents/R/win-library/4.0","1.0.2",NA,"R (>= 3.4.0)","utils",NA,"cli (>= 3.1.0), covr, crayon, fs, glue, knitr, magrittr,
methods, pillar, rmarkdown, stats, testthat (>= 3.0.0), tibble,
usethis, vctrs (>= 0.2.3), withr","winch","MIT + file LICENSE",NA,NA,NA,NA,"yes","4.0.5"
"rlist","G:/OneDrive/Documents/R/win-library/4.0","0.4.6.1",NA,"R (>= 2.15)","yaml, jsonlite, XML, data.table",NA,"testthat, stringdist, pipeR",NA,"MIT + file LICENSE",NA,NA,NA,NA,"no","4.0.4"
"rmarkdown","G:/OneDrive/Documents/R/win-library/4.0","2.23",NA,"R (>= 3.0)","bslib (>= 0.2.5.1), evaluate (>= 0.13), fontawesome (>=
0.5.0), htmltools (>= 0.5.1), jquerylib, jsonlite, knitr (>=
1.22), methods, stringr (>= 1.2.0), tinytex (>= 0.31), tools,
utils, xfun (>= 0.36), yaml (>= 2.1.19)",NA,"digest, dygraphs, fs, rsconnect, downlit (>= 0.4.0), katex
(>= 1.4.0), sass (>= 0.4.0), shiny (>= 1.6.0), testthat (>=
3.0.3), tibble, vctrs, cleanrmd, withr (>= 2.4.2)",NA,"GPL-3",NA,NA,NA,NA,"no","4.0.5"
"rockchalk","G:/OneDrive/Documents/R/win-library/4.0","1.8.144",NA,"R (>= 2.10)","grDevices, methods, lme4, carData, MASS, kutils",NA,"tables, Hmisc, car",NA,"GPL (>= 3.0)",NA,NA,NA,NA,"no","4.0.3"
"roxygen2","G:/OneDrive/Documents/R/win-library/4.0","7.1.1",NA,"R (>= 3.2)","brew, commonmark, desc (>= 1.2.0), digest, knitr, methods,
pkgload (>= 1.0.2), purrr (>= 0.3.3), R6 (>= 2.1.2), Rcpp (>=
0.11.0), rlang, stringi, stringr (>= 1.0.0), utils, xml2","Rcpp","covr, devtools, rmarkdown, testthat (>= 2.1.0), R.methodsS3,
R.oo",NA,"GPL (>= 2)",NA,NA,NA,NA,"yes","4.0.3"
"rprojroot","G:/OneDrive/Documents/R/win-library/4.0","1.3-2",NA,"R (>= 3.0.0)","backports",NA,"testthat, mockr, knitr, withr, rmarkdown",NA,"GPL-3",NA,NA,NA,NA,"no","4.0.3"
"rstudioapi","G:/OneDrive/Documents/R/win-library/4.0","0.11",NA,NA,NA,NA,"testthat, knitr, rmarkdown, clipr",NA,"MIT + file LICENSE",NA,NA,NA,NA,"no","4.0.3"
"Rttf2pt1","G:/OneDrive/Documents/R/win-library/4.0","1.3.8",NA,"R (>= 2.15)",NA,NA,NA,NA,"file LICENSE","yes",NA,NA,NA,"yes","4.0.3"
"RUnit","G:/OneDrive/Documents/R/win-library/4.0","0.4.32",NA,"R (>= 2.5.0), utils (>= 2.5.0), methods (>= 2.5.0), graphics
(>= 2.5.0)",NA,NA,"XML (>= 3.1.0)",NA,"GPL-2",NA,NA,NA,NA,"no","4.0.3"
"rversions","G:/OneDrive/Documents/R/win-library/4.0","2.0.2",NA,NA,"curl, utils, xml2 (>= 1.0.0)",NA,"mockery, testthat",NA,"MIT + file LICENSE",NA,NA,NA,NA,"no","4.0.3"
"rvest","G:/OneDrive/Documents/R/win-library/4.0","0.3.6",NA,"R (>= 3.2), xml2","httr (>= 0.5), magrittr, selectr",NA,"covr, knitr, png, rmarkdown, spelling, stringi (>= 0.3.1),
testthat",NA,"GPL-3",NA,NA,NA,NA,"no","4.0.3"
"sandwich","G:/OneDrive/Documents/R/win-library/4.0","3.0-0",NA,"R (>= 3.0.0)","stats, utils, zoo",NA,"AER, car, geepack, lattice, lmtest, MASS, multiwayvcov,
parallel, pcse, plm, pscl, scatterplot3d, stats4, strucchange,
survival",NA,"GPL-2 | GPL-3",NA,NA,NA,NA,"no","4.0.3"
"sass","G:/OneDrive/Documents/R/win-library/4.0","0.4.1",NA,NA,"fs, rlang (>= 0.4.10), htmltools (>= 0.5.1), R6, rappdirs",NA,"testthat, knitr, rmarkdown, withr, shiny, curl",NA,"MIT + file LICENSE",NA,NA,NA,NA,"yes","4.0.5"
"scales","G:/OneDrive/Documents/R/win-library/4.0","1.1.1",NA,"R (>= 3.2)","farver (>= 2.0.3), labeling, lifecycle, munsell (>= 0.5), R6,
RColorBrewer, viridisLite",NA,"bit64, covr, dichromat, ggplot2, hms (>= 0.5.0), testthat (>=
2.1.0)",NA,"MIT + file LICENSE",NA,NA,NA,NA,"no","4.0.3"
"sciplot","G:/OneDrive/Documents/R/win-library/4.0","1.2-0",NA,"stats",NA,NA,NA,NA,"GPL (>= 2)",NA,NA,NA,NA,"no","4.0.3"
"scmamp","G:/OneDrive/Documents/R/win-library/4.0","0.2.55",NA,"R (>= 2.10)","utils, graphics, ggplot2, graph, reshape2, Rgraphviz, methods",NA,"knitr, rmarkdown",NA,"GPL-2",NA,NA,NA,NA,"no","4.0.3"
"selectr","G:/OneDrive/Documents/R/win-library/4.0","0.4-2",NA,"R (>= 3.0)","methods, stringr, R6",NA,"testthat, XML, xml2",NA,"BSD_3_clause + file LICENCE",NA,NA,NA,NA,"no","4.0.3"
"sem","G:/OneDrive/Documents/R/win-library/4.0","3.1-11",NA,"R (>= 3.5.0), stats","matrixcalc, MASS, boot, mi (>= 0.9-99), utils",NA,"polycor, DiagrammeR",NA,"GPL (>= 2)",NA,NA,NA,NA,"yes","4.0.5"
"seriation","G:/OneDrive/Documents/R/win-library/4.0","1.2-9",NA,"R (>= 2.14.0)","stats, grDevices, grid, TSP, qap, cluster, gclus, dendextend,
colorspace, MASS, gplots, registry",NA,"biclust, testthat, DendSer, GA",NA,"GPL-3",NA,NA,NA,NA,"yes","4.0.3"
"sessioninfo","G:/OneDrive/Documents/R/win-library/4.0","1.1.1",NA,NA,"cli, tools, utils, withr",NA,"callr, covr, mockery, testthat",NA,"GPL-2",NA,NA,NA,NA,"no","4.0.3"
"shape","G:/OneDrive/Documents/R/win-library/4.0","1.4.5",NA,"R (>= 2.01)","stats, graphics, grDevices",NA,NA,NA,"GPL (>= 3)",NA,NA,NA,NA,"no","4.0.3"
"shiny","G:/OneDrive/Documents/R/win-library/4.0","1.6.0",NA,"R (>= 3.0.2), methods","utils, grDevices, httpuv (>= 1.5.2), mime (>= 0.3), jsonlite
(>= 0.9.16), xtable, digest (>= 0.6.25), htmltools (>=
0.5.0.9001), R6 (>= 2.0), sourcetools, later (>= 1.0.0),
promises (>= 1.1.0), tools, crayon, rlang (>= 0.4.9), fastmap
(>= 1.0.0), withr, commonmark (>= 1.7), glue (>= 1.3.2), bslib
(>= 0.2.2.9002), cachem, ellipsis, lifecycle (>= 0.2.0)",NA,"datasets, Cairo (>= 1.5-5), testthat (>= 2.1.1), knitr (>=
1.6), markdown, rmarkdown, ggplot2, reactlog (>= 1.0.0),
magrittr, shinytest (>= 1.4.0.9003), yaml, future, dygraphs,
ragg, showtext, sass",NA,"GPL-3 | file LICENSE",NA,NA,NA,NA,"no","4.0.4"
"shinyalert","G:/OneDrive/Documents/R/win-library/4.0","2.0.0",NA,"R (>= 3.0.2)","htmltools, shiny (>= 1.0.4), stats, uuid",NA,"colourpicker, knitr, rmarkdown, shinydisconnect",NA,"MIT + file LICENSE",NA,NA,NA,NA,"no","4.0.3"
"shinyBS","G:/OneDrive/Documents/R/win-library/4.0","0.61",NA,NA,"shiny (>= 0.11), htmltools",NA,NA,NA,"GPL-3",NA,NA,NA,NA,"no","4.0.3"
"shinydashboard","G:/OneDrive/Documents/R/win-library/4.0","0.7.1",NA,"R (>= 3.0)","utils, shiny (>= 1.0.0), htmltools (>= 0.2.6), promises",NA,NA,NA,"GPL (>= 2) | file LICENSE",NA,NA,NA,NA,"no","4.0.3"
"shinydust","G:/OneDrive/Documents/R/win-library/4.0","0.1.7",NA,"R (>= 3.2.1), pixiedust, shiny","checkmate",NA,"rmarkdown, shinyjs, testthat",NA,"MIT + file LICENSE",NA,NA,NA,NA,"no","4.0.4"
"shinyFiles","G:/OneDrive/Documents/R/win-library/4.0","0.9.0",NA,NA,"htmltools, jsonlite, tools, shiny (>= 1.1.0), fs (>= 1.2.6),
tibble (>= 1.4.2)",NA,NA,NA,"GPL (>= 2)",NA,NA,NA,NA,"no","4.0.3"
"shinyjqui","G:/OneDrive/Documents/R/win-library/4.0","0.3.3",NA,"R (>= 3.2.0)","shiny (>= 0.14.0), htmltools, htmlwidgets, jsonlite",NA,"ggplot2, highcharter, knitr, rmarkdown",NA,"MIT + file LICENSE",NA,NA,NA,NA,"no","4.0.3"
"shinytest","G:/OneDrive/Documents/R/win-library/4.0","1.4.0",NA,NA,"assertthat, digest, crayon, debugme, parsedate, pingr, callr
(>= 2.0.3), R6, rematch, httr, shiny (>= 1.3.2), testthat (>=
1.0.0), utils, webdriver (>= 1.0.5), htmlwidgets, jsonlite,
withr, httpuv, rstudioapi (>= 0.8.0.9002)",NA,"rmarkdown, flexdashboard",NA,"MIT + file LICENSE",NA,NA,NA,NA,"no","4.0.3"
"shinyWidgets","G:/OneDrive/Documents/R/win-library/4.0","0.5.4",NA,"R (>= 3.1.0)","shiny (>= 0.14), htmltools, jsonlite, grDevices",NA,"shinydashboard, testthat, covr, shinydashboardPlus, bs4Dash,
argonR, argonDash, tablerDash, ggplot2, DT, scales",NA,"GPL-3",NA,NA,NA,NA,"no","4.0.3"
"showimage","G:/OneDrive/Documents/R/win-library/4.0","1.0.0",NA,NA,"png, tools",NA,"covr, testthat",NA,"GPL-2 | GPL-3",NA,NA,NA,NA,"no","4.0.3"
"sortable","G:/OneDrive/Documents/R/win-library/4.0","0.4.4",NA,NA,"htmltools, htmlwidgets, learnr (>= 0.10.0), shiny, assertthat,
jsonlite, utils, ellipsis",NA,"base64, knitr, testthat (>= 2.1.0), withr, rmarkdown,
magrittr, webshot, spelling, covr",NA,"MIT + file LICENSE",NA,NA,NA,NA,"no","4.0.3"
"sourcetools","G:/OneDrive/Documents/R/win-library/4.0","0.1.7",NA,"R (>= 3.0.2)",NA,NA,"testthat",NA,"MIT + file LICENSE",NA,NA,NA,NA,"yes","4.0.3"
"sp","G:/OneDrive/Documents/R/win-library/4.0","1.4-4",NA,"R (>= 3.0.0), methods","utils, stats, graphics, grDevices, lattice, grid",NA,"RColorBrewer, rgdal (>= 1.2-3), rgeos (>= 0.3-13), gstat,
maptools, deldir",NA,"GPL (>= 2)",NA,NA,NA,NA,"yes","4.0.3"
"SparseM","G:/OneDrive/Documents/R/win-library/4.0","1.78",NA,"R (>= 2.15), methods","graphics, stats, utils",NA,NA,NA,"GPL (>= 2)",NA,NA,NA,NA,"yes","4.0.3"
"stargazer","G:/OneDrive/Documents/R/win-library/4.0","5.2.3",NA,NA,"stats, utils",NA,NA,"AER, betareg, brglm, censReg, dynlm, eha, erer, ergm, fGarch,
gee, glmx, gmm, lfe, lme4, lmtest, MASS, mclogit, mgcv, mlogit,
nlme, nnet, ordinal, plm, pscl, quantreg, rms, relevent,
robustbase, sampleSelection, spdep, survey, survival","GPL (>= 2)",NA,NA,NA,NA,"no","4.0.5"
"statmod","G:/OneDrive/Documents/R/win-library/4.0","1.4.35",NA,"R (>= 3.0.0)","stats, graphics",NA,"MASS, tweedie",NA,"GPL-2 | GPL-3",NA,NA,NA,NA,"yes","4.0.3"
"stringi","G:/OneDrive/Documents/R/win-library/4.0","1.5.3",NA,"R (>= 2.14)","tools, utils, stats",NA,NA,NA,"file LICENSE",NA,NA,NA,NA,"yes","4.0.3"
"stringr","G:/OneDrive/Documents/R/win-library/4.0","1.4.0",NA,"R (>= 3.1)","glue (>= 1.2.0), magrittr, stringi (>= 1.1.7)",NA,"covr, htmltools, htmlwidgets, knitr, rmarkdown, testthat",NA,"GPL-2 | file LICENSE",NA,NA,NA,NA,"no","4.0.3"
"survey","G:/OneDrive/Documents/R/win-library/4.0","4.0",NA,"R (>= 3.1.0), grid, methods, Matrix, survival","stats, graphics, splines, lattice, minqa, numDeriv, mitools
(>= 2.4)",NA,"foreign, MASS, KernSmooth, hexbin, RSQLite, quantreg,
parallel, CompQuadForm, DBI, AER",NA,"GPL-2 | GPL-3",NA,NA,NA,NA,"no","4.0.3"
"sys","G:/OneDrive/Documents/R/win-library/4.0","3.4",NA,NA,NA,NA,"unix (>= 1.4), spelling, testthat",NA,"MIT + file LICENSE",NA,NA,NA,NA,"yes","4.0.3"
"systemfonts","G:/OneDrive/Documents/R/win-library/4.0","0.3.2",NA,NA,NA,"cpp11","testthat (>= 2.1.0), covr, knitr, rmarkdown, tools",NA,"MIT + file LICENSE",NA,NA,NA,NA,"yes","4.0.3"
"tcltk2","G:/OneDrive/Documents/R/win-library/4.0","1.2-11",NA,"R (>= 2.8.0), tcltk",NA,NA,"utils",NA,"LGPL-3 + file LICENSE",NA,NA,NA,NA,"no","4.0.3"
"testthat","G:/OneDrive/Documents/R/win-library/4.0","2.3.2",NA,"R (>= 3.1)","cli, crayon (>= 1.3.4), digest, ellipsis, evaluate, magrittr,
methods, pkgload, praise, R6 (>= 2.2.0), rlang (>= 0.4.1),
withr (>= 2.0.0)",NA,"covr, curl (>= 0.9.5), devtools, knitr, rmarkdown, usethis,
vctrs (>= 0.1.0), xml2",NA,"MIT + file LICENSE",NA,NA,NA,NA,"yes","4.0.3"
"TH.data","G:/OneDrive/Documents/R/win-library/4.0","1.0-10",NA,"R (>= 2.10.0), survival, MASS",NA,NA,"dplyr, gdata, plyr",NA,"GPL-3",NA,NA,NA,NA,"no","4.0.3"
"tibble","G:/OneDrive/Documents/R/win-library/4.0","3.1.0",NA,"R (>= 3.1.0)","ellipsis (>= 0.2.0), fansi (>= 0.4.0), lifecycle (>= 0.2.0),
magrittr, methods, pillar (>= 1.5.0), pkgconfig, rlang (>=
0.4.3), utils, vctrs (>= 0.3.2)",NA,"bench, bit64, blob, cli, covr, crayon (>= 1.3.4), DiagrammeR,
dplyr, evaluate, formattable, ggplot2, hms, htmltools, import,
knitr, lubridate, mockr, nycflights13, purrr, rmarkdown,
testthat (>= 3.0.2), tidyr, withr",NA,"MIT + file LICENSE",NA,NA,NA,NA,"yes","4.0.4"
"tidygraph","G:/OneDrive/Documents/R/win-library/4.0","1.2.0",NA,NA,"tibble, dplyr (>= 0.8.5), igraph, magrittr, utils, rlang, R6,
Rcpp, tools, stats, tidyr, pillar","Rcpp","network, data.tree, ape, graph, methods, testthat, covr,
seriation, netrankr, influenceR, NetSwan",NA,"MIT + file LICENSE",NA,NA,NA,NA,"yes","4.0.3"
"tidyr","G:/OneDrive/Documents/R/win-library/4.0","1.1.2",NA,"R (>= 3.1)","dplyr (>= 0.8.2), ellipsis (>= 0.1.0), glue, magrittr, purrr,
rlang, tibble (>= 2.1.1), tidyselect (>= 1.1.0), utils, vctrs
(>= 0.3.0), lifecycle","cpp11 (>= 0.2.1)","covr, jsonlite, knitr, repurrrsive (>= 1.0.0), rmarkdown,
readr, testthat (>= 2.1.0)",NA,"MIT + file LICENSE",NA,NA,NA,NA,"yes","4.0.4"
"tidyselect","G:/OneDrive/Documents/R/win-library/4.0","1.1.0",NA,"R (>= 3.2)","ellipsis, glue (>= 1.3.0), purrr (>= 0.3.2), rlang (>= 0.4.6),
vctrs (>= 0.2.2)",NA,"covr, crayon, dplyr, knitr, magrittr, rmarkdown, testthat (>=
2.3.0), tibble (>= 2.1.3), withr",NA,"GPL-3",NA,NA,NA,NA,"yes","4.0.3"
"tidyverse","G:/OneDrive/Documents/R/win-library/4.0","1.3.0",NA,"R (>= 3.2)","broom (>= 0.5.2), cli (>= 1.1.0), crayon (>= 1.3.4), dbplyr
(>= 1.4.2), dplyr (>= 0.8.3), forcats (>= 0.4.0), ggplot2 (>=
3.2.1), haven (>= 2.2.0), hms (>= 0.5.2), httr (>= 1.4.1),
jsonlite (>= 1.6), lubridate (>= 1.7.4), magrittr (>= 1.5),
modelr (>= 0.1.5), pillar (>= 1.4.2), purrr (>= 0.3.3), readr
(>= 1.3.1), readxl (>= 1.3.1), reprex (>= 0.3.0), rlang (>=
0.4.1), rstudioapi (>= 0.10), rvest (>= 0.3.5), stringr (>=
1.4.0), tibble (>= 2.1.3), tidyr (>= 1.0.0), xml2 (>= 1.2.2)",NA,"covr, feather, glue, knitr, rmarkdown, testthat",NA,"GPL-3 | file LICENSE",NA,NA,NA,NA,"no","4.0.3"
"tinytex","G:/OneDrive/Documents/R/win-library/4.0","0.45",NA,NA,"xfun (>= 0.29)",NA,"testit, rstudioapi",NA,"MIT + file LICENSE",NA,NA,NA,NA,"no","4.0.5"
"tmvnsim","G:/OneDrive/Documents/R/win-library/4.0","1.0-2",NA,NA,NA,NA,NA,NA,"GPL-2",NA,NA,NA,NA,"yes","4.0.3"
"TSP","G:/OneDrive/Documents/R/win-library/4.0","1.1-10",NA,"R (>= 3.5.0)","graphics, foreach, utils, stats, grDevices",NA,"sp, maps, maptools, testthat",NA,"GPL-3",NA,NA,NA,NA,"yes","4.0.3"
"TTR","G:/OneDrive/Documents/R/win-library/4.0","0.24.2",NA,NA,"xts (>= 0.10-0), zoo, curl","xts","RUnit","quantmod","GPL (>= 2)",NA,NA,NA,NA,"yes","4.0.4"
"tweenr","G:/OneDrive/Documents/R/win-library/4.0","1.0.1",NA,"R (>= 3.2.0)","Rcpp (>= 0.12.3), grDevices, farver, magrittr, rlang","Rcpp","testthat, covr",NA,"MIT + file LICENSE",NA,NA,NA,NA,"yes","4.0.3"
"usethis","G:/OneDrive/Documents/R/win-library/4.0","1.6.3",NA,"R (>= 3.2)","clipr (>= 0.3.0), cli, crayon, curl (>= 2.7), desc, fs (>=
1.3.0), gh (>= 1.1.0), git2r (>= 0.23), glue (>= 1.3.0), purrr,
rematch2, rlang (>= 0.4.3), rprojroot (>= 1.2), rstudioapi,
stats, utils, whisker, withr, yaml",NA,"covr, knitr, magick, pkgdown (>= 1.4.0), rmarkdown, roxygen2,
spelling (>= 1.2), styler (>= 1.2.0), testthat (>= 2.1.0)",NA,"GPL-3",NA,NA,NA,NA,"no","4.0.3"
"utf8","G:/OneDrive/Documents/R/win-library/4.0","1.1.4",NA,"R (>= 2.10)",NA,NA,"knitr, rmarkdown, testthat",NA,"Apache License (== 2.0) | file LICENSE",NA,NA,NA,NA,"yes","4.0.3"
"uuid","G:/OneDrive/Documents/R/win-library/4.0","0.1-4",NA,"R (>= 2.9.0)",NA,NA,NA,NA,"MIT + file LICENSE",NA,NA,NA,NA,"yes","4.0.3"
"vctrs","G:/OneDrive/Documents/R/win-library/4.0","0.4.1",NA,"R (>= 3.3)","cli (>= 3.2.0), glue, rlang (>= 1.0.2)",NA,"bit64, covr, crayon, dplyr (>= 0.8.5), generics, knitr,
pillar (>= 1.4.4), pkgdown (>= 2.0.1), rmarkdown, testthat (>=
3.0.0), tibble (>= 3.1.3), withr, xml2, waldo (>= 0.2.0),
zeallot",NA,"MIT + file LICENSE",NA,NA,NA,NA,"yes","4.0.5"
"vegan","G:/OneDrive/Documents/R/win-library/4.0","2.5-7",NA,"permute (>= 0.9-0), lattice, R (>= 3.4.0)","MASS, cluster, mgcv",NA,"parallel, tcltk, knitr, markdown",NA,"GPL-2",NA,NA,NA,NA,"yes","4.0.3"
"viridis","G:/OneDrive/Documents/R/win-library/4.0","0.5.1",NA,"R (>= 2.10), viridisLite (>= 0.3.0)","stats, ggplot2 (>= 1.0.1), gridExtra",NA,"hexbin (>= 1.27.0), scales, MASS, knitr, dichromat,
colorspace, rasterVis, httr, mapproj, vdiffr, svglite (>=
1.2.0), testthat, covr, rmarkdown, rgdal",NA,"MIT + file LICENSE",NA,NA,NA,NA,"no","4.0.3"
"viridisLite","G:/OneDrive/Documents/R/win-library/4.0","0.3.0",NA,"R (>= 2.10)",NA,NA,"hexbin (>= 1.27.0), ggplot2 (>= 1.0.1), testthat, covr",NA,"MIT + file LICENSE",NA,NA,NA,NA,"no","4.0.3"
"vroom","G:/OneDrive/Documents/R/win-library/4.0","1.3.2",NA,"R (>= 3.1)","bit64, crayon, glue, hms, lifecycle, rlang (>= 0.4.2), stats,
tibble (>= 2.0.0), vctrs, tidyselect, withr","progress (>= 1.2.1), cpp11 (>= 0.2.0)","bench (>= 1.1.0), covr, curl, dplyr, forcats, fs, ggplot2,
knitr, patchwork, prettyunits, purrr, readr (>= 1.3.1),
rmarkdown, rstudioapi, scales, spelling, testthat (>= 2.1.0),
tidyr, waldo, xml2",NA,"GPL-3",NA,NA,NA,NA,"yes","4.0.3"
"waldo","G:/OneDrive/Documents/R/win-library/4.0","0.2.2",NA,NA,"cli, diffobj, fansi, glue, methods, rematch2, rlang, tibble",NA,"testthat, covr, R6",NA,"MIT + file LICENSE",NA,NA,NA,NA,"no","4.0.3"
"webdriver","G:/OneDrive/Documents/R/win-library/4.0","1.0.5",NA,NA,"callr (>= 2.0.0), base64enc, curl (>= 2.0), debugme, httr,
jsonlite, R6, showimage, utils, withr",NA,"covr, pingr, rprojroot, servr, testthat",NA,"MIT + file LICENSE",NA,NA,NA,NA,"no","4.0.3"
"webshot","G:/OneDrive/Documents/R/win-library/4.0","0.5.2",NA,"R (>= 3.0)","magrittr, jsonlite, callr",NA,"httpuv, knitr, rmarkdown, shiny",NA,"GPL-2",NA,NA,NA,NA,"no","4.0.5"
"whisker","G:/OneDrive/Documents/R/win-library/4.0","0.4",NA,NA,NA,NA,"markdown",NA,"GPL-3",NA,NA,NA,NA,"no","4.0.3"
"withr","G:/OneDrive/Documents/R/win-library/4.0","2.4.1",NA,"R (>= 3.2.0)","graphics, grDevices, stats",NA,"covr, DBI, knitr, lattice, methods, rmarkdown, RSQLite,
testthat (>= 2.1.0)",NA,"MIT + file LICENSE",NA,NA,NA,NA,"no","4.0.4"
"WRS2","G:/OneDrive/Documents/R/win-library/4.0","1.1-3",NA,"R (>= 3.2.0)","MASS, reshape, plyr, stats, graphics, grDevices, utils, mc2d",NA,"knitr, car, ggplot2, colorspace, mediation, GGally, codetools",NA,"GPL-3",NA,NA,NA,NA,"yes","4.0.5"
"xfun","G:/OneDrive/Documents/R/win-library/4.0","0.30",NA,NA,"stats, tools",NA,"testit, parallel, codetools, rstudioapi, tinytex (>= 0.30),
mime, markdown, knitr, htmltools, remotes, pak, rhub, renv,
curl, jsonlite, rmarkdown",NA,"MIT + file LICENSE",NA,NA,NA,NA,"yes","4.0.5"
"XML","G:/OneDrive/Documents/R/win-library/4.0","3.99-0.5",NA,"R (>= 4.0.0), methods, utils",NA,NA,"bitops, RCurl",NA,"BSD_3_clause + file LICENSE",NA,NA,NA,NA,"yes","4.0.3"
"xml2","G:/OneDrive/Documents/R/win-library/4.0","1.3.2",NA,"R (>= 3.1.0)","methods",NA,"covr, curl, httr, knitr, magrittr, mockery, rmarkdown,
testthat (>= 2.1.0)",NA,"GPL (>= 2)",NA,NA,NA,NA,"yes","4.0.3"
"xopen","G:/OneDrive/Documents/R/win-library/4.0","1.0.0",NA,"R (>= 3.1)","processx",NA,"ps, testthat",NA,"MIT + file LICENSE",NA,NA,NA,NA,"no","4.0.3"
"xtable","G:/OneDrive/Documents/R/win-library/4.0","1.8-4",NA,"R (>= 2.10.0)","stats, utils",NA,"knitr, plm, zoo, survival",NA,"GPL (>= 2)",NA,NA,NA,NA,"no","4.0.3"
"xts","G:/OneDrive/Documents/R/win-library/4.0","0.12.1",NA,"zoo (>= 1.7-12)","methods","zoo","timeSeries, timeDate, tseries, chron, fts, tis, RUnit",NA,"GPL (>= 2)",NA,NA,NA,NA,"yes","4.0.4"
"yaml","G:/OneDrive/Documents/R/win-library/4.0","2.2.1",NA,NA,NA,NA,"RUnit",NA,"BSD_3_clause + file LICENSE",NA,NA,NA,NA,"yes","4.0.3"
"yarrr","G:/OneDrive/Documents/R/win-library/4.0","0.1.5",NA,"jpeg,BayesFactor,circlize",NA,NA,"knitr, rmarkdown",NA,"GPL-2",NA,NA,NA,NA,"no","4.0.3"
"zip","G:/OneDrive/Documents/R/win-library/4.0","2.1.1",NA,NA,NA,NA,"covr, processx, R6, testthat, withr",NA,"CC0",NA,NA,NA,NA,"yes","4.0.3"
"zoo","G:/OneDrive/Documents/R/win-library/4.0","1.8-8",NA,"R (>= 3.1.0), stats","utils, graphics, grDevices, lattice (>= 0.20-27)",NA,"AER, coda, chron, fts, ggplot2 (>= 3.0.0), mondate, scales,
strucchange, timeDate, timeSeries, tis, tseries, xts",NA,"GPL-2 | GPL-3",NA,NA,NA,NA,"yes","4.0.3"
"base","G:/Program Files/R/R-4.0.5/library","4.0.5","base",NA,NA,NA,"methods",NA,"Part of R 4.0.5",NA,NA,NA,NA,NA,"4.0.5"
"boot","G:/Program Files/R/R-4.0.5/library","1.3-27","recommended","R (>= 3.0.0), graphics, stats",NA,NA,"MASS, survival",NA,"Unlimited",NA,NA,NA,NA,"no","4.0.5"
"class","G:/Program Files/R/R-4.0.5/library","7.3-18","recommended","R (>= 3.0.0), stats, utils","MASS",NA,NA,NA,"GPL-2 | GPL-3",NA,NA,NA,NA,"yes","4.0.5"
"cluster","G:/Program Files/R/R-4.0.5/library","2.1.1","recommended","R (>= 3.4.0)","graphics, grDevices, stats, utils",NA,"MASS, Matrix",NA,"GPL (>= 2)",NA,NA,NA,NA,"yes","4.0.5"
"codetools","G:/Program Files/R/R-4.0.5/library","0.2-18","recommended","R (>= 2.1)",NA,NA,NA,NA,"GPL",NA,NA,NA,NA,"no","4.0.5"
"compiler","G:/Program Files/R/R-4.0.5/library","4.0.5","base",NA,NA,NA,NA,NA,"Part of R 4.0.5",NA,NA,NA,NA,NA,"4.0.5"
"datasets","G:/Program Files/R/R-4.0.5/library","4.0.5","base",NA,NA,NA,NA,NA,"Part of R 4.0.5",NA,NA,NA,NA,NA,"4.0.5"
"foreign","G:/Program Files/R/R-4.0.5/library","0.8-81","recommended","R (>= 4.0.0)","methods, utils, stats",NA,NA,NA,"GPL (>= 2)",NA,NA,NA,NA,"yes","4.0.5"
"graphics","G:/Program Files/R/R-4.0.5/library","4.0.5","base",NA,"grDevices",NA,NA,NA,"Part of R 4.0.5",NA,NA,NA,NA,"yes","4.0.5"
"grDevices","G:/Program Files/R/R-4.0.5/library","4.0.5","base",NA,NA,NA,"KernSmooth",NA,"Part of R 4.0.5",NA,NA,NA,NA,"yes","4.0.5"
"grid","G:/Program Files/R/R-4.0.5/library","4.0.5","base",NA,"grDevices, utils",NA,"lattice",NA,"Part of R 4.0.5",NA,NA,NA,NA,"yes","4.0.5"
"KernSmooth","G:/Program Files/R/R-4.0.5/library","2.23-18","recommended","R (>= 2.5.0), stats",NA,NA,"MASS",NA,"Unlimited",NA,NA,NA,NA,"yes","4.0.5"
"lattice","G:/Program Files/R/R-4.0.5/library","0.20-41","recommended","R (>= 3.0.0)","grid, grDevices, graphics, stats, utils",NA,"KernSmooth, MASS, latticeExtra","chron","GPL (>= 2)",NA,NA,NA,NA,"yes","4.0.5"
"MASS","G:/Program Files/R/R-4.0.5/library","7.3-53.1","recommended","R (>= 3.1.0), grDevices, graphics, stats, utils","methods",NA,"lattice, nlme, nnet, survival",NA,"GPL-2 | GPL-3",NA,NA,NA,NA,"yes","4.0.5"
"Matrix","G:/Program Files/R/R-4.0.5/library","1.3-2","recommended","R (>= 3.6.0)","methods, graphics, grid, stats, utils, lattice",NA,"expm, MASS","MatrixModels, graph, SparseM, sfsmisc, igraph, maptools, sp,
spdep","GPL (>= 2) | file LICENCE",NA,NA,NA,NA,"yes","4.0.5"
"methods","G:/Program Files/R/R-4.0.5/library","4.0.5","base",NA,"utils, stats",NA,"codetools",NA,"Part of R 4.0.5",NA,NA,NA,NA,"yes","4.0.5"
"mgcv","G:/Program Files/R/R-4.0.5/library","1.8-34","recommended","R (>= 3.6.0), nlme (>= 3.1-64)","methods, stats, graphics, Matrix, splines, utils",NA,"parallel, survival, MASS",NA,"GPL (>= 2)",NA,NA,NA,NA,"yes","4.0.5"
"nlme","G:/Program Files/R/R-4.0.5/library","3.1-152","recommended","R (>= 3.4.0)","graphics, stats, utils, lattice",NA,"Hmisc, MASS",NA,"GPL (>= 2) | file LICENCE",NA,NA,NA,NA,"yes","4.0.5"
"nnet","G:/Program Files/R/R-4.0.5/library","7.3-15","recommended","R (>= 3.0.0), stats, utils",NA,NA,"MASS",NA,"GPL-2 | GPL-3",NA,NA,NA,NA,"yes","4.0.5"
"parallel","G:/Program Files/R/R-4.0.5/library","4.0.5","base",NA,"tools, compiler",NA,"methods","snow, nws, Rmpi","Part of R 4.0.5",NA,NA,NA,NA,"yes","4.0.5"
"rpart","G:/Program Files/R/R-4.0.5/library","4.1-15","recommended","R (>= 2.15.0), graphics, stats, grDevices",NA,NA,"survival",NA,"GPL-2 | GPL-3",NA,NA,NA,NA,"yes","4.0.5"
"spatial","G:/Program Files/R/R-4.0.5/library","7.3-13","recommended","R (>= 3.0.0), graphics, stats, utils",NA,NA,"MASS",NA,"GPL-2 | GPL-3",NA,NA,NA,NA,"yes","4.0.5"
"splines","G:/Program Files/R/R-4.0.5/library","4.0.5","base",NA,"graphics, stats",NA,"Matrix, methods",NA,"Part of R 4.0.5",NA,NA,NA,NA,"yes","4.0.5"
"stats","G:/Program Files/R/R-4.0.5/library","4.0.5","base",NA,"utils, grDevices, graphics",NA,"MASS, Matrix, SuppDists, methods, stats4",NA,"Part of R 4.0.5",NA,NA,NA,NA,"yes","4.0.5"
"stats4","G:/Program Files/R/R-4.0.5/library","4.0.5","base",NA,"graphics, methods, stats",NA,NA,NA,"Part of R 4.0.5",NA,NA,NA,NA,NA,"4.0.5"
"survival","G:/Program Files/R/R-4.0.5/library","3.2-10","recommended","R (>= 3.5.0)","graphics, Matrix, methods, splines, stats, utils",NA,NA,NA,"LGPL (>= 2)",NA,NA,NA,NA,"yes","4.0.5"
"tcltk","G:/Program Files/R/R-4.0.5/library","4.0.5","base",NA,"utils",NA,NA,NA,"Part of R 4.0.5",NA,NA,NA,NA,"yes","4.0.5"
"tools","G:/Program Files/R/R-4.0.5/library","4.0.5","base",NA,NA,NA,"codetools, methods, xml2, curl, commonmark",NA,"Part of R 4.0.5",NA,NA,NA,NA,"yes","4.0.5"
"translations","G:/Program Files/R/R-4.0.5/library","4.0.5",NA,NA,NA,NA,NA,NA,"Part of R 4.0.5",NA,NA,NA,NA,NA,"4.0.5"
"utils","G:/Program Files/R/R-4.0.5/library","4.0.5","base",NA,NA,NA,"methods, xml2, commonmark",NA,"Part of R 4.0.5",NA,NA,NA,NA,"yes","4.0.5"
